time_s,x_enu_m,y_enu_m,z_enu_m,vx_enu_m_s,vy_enu_m_s,vz_enu_m_s
0.0,0.0,0.0,0.0,0.0,0.0,100.0
0.01,0.0,0.0,1.0,0.0,0.0,100.0
0.02,0.0,0.0,2.0,0.0,0.0,100.0
0.03,0.0,0.0,3.0,0.0,0.0,100.0
0.04,0.0,0.0,4.0,0.0,0.0,100.0
0.05,0.0,0.0,5.0,0.0,0.0,100.0
0.06,0.0,0.0,6.0,0.0,0.0,100.0
0.07,0.0,0.0,7.000000000000001,0.0,0.0,100.0
0.08,0.0,0.0,8.0,0.0,0.0,100.0
0.09,0.0,0.0,9.0,0.0,0.0,100.0
0.1,0.0,0.0,10.0,0.0,0.0,100.0
0.11,0.0,0.0,11.0,0.0,0.0,100.0
0.12,0.0,0.0,12.0,0.0,0.0,100.0
0.13,0.0,0.0,13.0,0.0,0.0,100.0
0.14,0.0,0.0,14.000000000000002,0.0,0.0,100.0
0.15,0.0,0.0,15.0,0.0,0.0,100.0
0.16,0.0,0.0,16.0,0.0,0.0,100.0
0.17,0.0,0.0,17.0,0.0,0.0,100.0
0.18,0.0,0.0,18.0,0.0,0.0,100.0
0.19,0.0,0.0,19.0,0.0,0.0,100.0
0.2,0.0,0.0,20.0,0.0,0.0,100.0
0.21,0.0,0.0,21.0,0.0,0.0,100.0
0.22,0.0,0.0,22.0,0.0,0.0,100.0
0.23,0.0,0.0,23.0,0.0,0.0,100.0
0.24,0.0,0.0,24.0,0.0,0.0,100.0
0.25,0.0,0.0,25.0,0.0,0.0,100.0
0.26,0.0,0.0,26.0,0.0,0.0,100.0
0.27,0.0,0.0,27.0,0.0,0.0,100.0
0.28,0.0,0.0,28.000000000000004,0.0,0.0,100.0
0.29,0.0,0.0,28.999999999999996,0.0,0.0,100.0
0.3,0.0,0.0,30.0,0.0,0.0,100.0
0.31,0.0,0.0,31.0,0.0,0.0,100.0
0.32,0.0,0.0,32.0,0.0,0.0,100.0
0.33,0.0,0.0,33.0,0.0,0.0,100.0
0.34,0.0,0.0,34.0,0.0,0.0,100.0
0.35000000000000003,0.0,0.0,35.0,0.0,0.0,100.0
0.36,0.0,0.0,36.0,0.0,0.0,100.0
0.37,0.0,0.0,37.0,0.0,0.0,100.0
0.38,0.0,0.0,38.0,0.0,0.0,100.0
0.39,0.0,0.0,39.0,0.0,0.0,100.0
0.4,0.0,0.0,40.0,0.0,0.0,100.0
0.41000000000000003,0.0,0.0,41.0,0.0,0.0,100.0
0.42,0.0,0.0,42.0,0.0,0.0,100.0
0.43,0.0,0.0,43.0,0.0,0.0,100.0
0.44,0.0,0.0,44.0,0.0,0.0,100.0
0.45,0.0,0.0,45.0,0.0,0.0,100.0
0.46,0.0,0.0,46.0,0.0,0.0,100.0
0.47000000000000003,0.0,0.0,47.0,0.0,0.0,100.0
0.48,0.0,0.0,48.0,0.0,0.0,100.0
0.49,0.0,0.0,49.0,0.0,0.0,100.0
0.5,0.0,0.0,50.0,0.0,0.0,100.0
0.51,0.0,0.0,51.0,0.0,0.0,100.0
0.52,0.0,0.0,52.0,0.0,0.0,100.0
0.53,0.0,0.0,53.0,0.0,0.0,100.0
0.54,0.0,0.0,54.0,0.0,0.0,100.0
0.55,0.0,0.0,55.00000000000001,0.0,0.0,100.0
0.56,0.0,0.0,56.00000000000001,0.0,0.0,100.0
0.5700000000000001,0.0,0.0,57.00000000000001,0.0,0.0,100.0
0.58,0.0,0.0,57.99999999999999,0.0,0.0,100.0
0.59,0.0,0.0,59.0,0.0,0.0,100.0
0.6,0.0,0.0,60.0,0.0,0.0,100.0
0.61,0.0,0.0,61.0,0.0,0.0,100.0
0.62,0.0,0.0,62.0,0.0,0.0,100.0
0.63,0.0,0.0,63.0,0.0,0.0,100.0
0.64,0.0,0.0,64.0,0.0,0.0,100.0
0.65,0.0,0.0,65.0,0.0,0.0,100.0
0.66,0.0,0.0,66.0,0.0,0.0,100.0
0.67,0.0,0.0,67.0,0.0,0.0,100.0
0.68,0.0,0.0,68.0,0.0,0.0,100.0
0.6900000000000001,0.0,0.0,69.0,0.0,0.0,100.0
0.7000000000000001,0.0,0.0,70.0,0.0,0.0,100.0
0.71,0.0,0.0,71.0,0.0,0.0,100.0
0.72,0.0,0.0,72.0,0.0,0.0,100.0
0.73,0.0,0.0,73.0,0.0,0.0,100.0
0.74,0.0,0.0,74.0,0.0,0.0,100.0
0.75,0.0,0.0,75.0,0.0,0.0,100.0
0.76,0.0,0.0,76.0,0.0,0.0,100.0
0.77,0.0,0.0,77.0,0.0,0.0,100.0
0.78,0.0,0.0,78.0,0.0,0.0,100.0
0.79,0.0,0.0,79.0,0.0,0.0,100.0
0.8,0.0,0.0,80.0,0.0,0.0,100.0
0.81,0.0,0.0,81.0,0.0,0.0,100.0
0.8200000000000001,0.0,0.0,82.0,0.0,0.0,100.0
0.8300000000000001,0.0,0.0,83.0,0.0,0.0,100.0
0.84,0.0,0.0,84.0,0.0,0.0,100.0
0.85,0.0,0.0,85.0,0.0,0.0,100.0
0.86,0.0,0.0,86.0,0.0,0.0,100.0
0.87,0.0,0.0,87.0,0.0,0.0,100.0
0.88,0.0,0.0,88.0,0.0,0.0,100.0
0.89,0.0,0.0,89.0,0.0,0.0,100.0
0.9,0.0,0.0,90.0,0.0,0.0,100.0
0.91,0.0,0.0,91.0,0.0,0.0,100.0
0.92,0.0,0.0,92.0,0.0,0.0,100.0
0.93,0.0,0.0,93.0,0.0,0.0,100.0
0.9400000000000001,0.0,0.0,94.0,0.0,0.0,100.0
0.9500000000000001,0.0,0.0,95.0,0.0,0.0,100.0
0.96,0.0,0.0,96.0,0.0,0.0,100.0
0.97,0.0,0.0,97.0,0.0,0.0,100.0
0.98,0.0,0.0,98.0,0.0,0.0,100.0
0.99,0.0,0.0,99.0,0.0,0.0,100.0
1.0,0.0,0.0,100.0,0.0,0.0,100.0
1.01,0.0,0.0,101.0,0.0,0.0,100.0
1.02,0.0,0.0,102.0,0.0,0.0,100.0
1.03,0.0,0.0,103.0,0.0,0.0,100.0
1.04,0.0,0.0,104.0,0.0,0.0,100.0
1.05,0.0,0.0,105.0,0.0,0.0,100.0
1.06,0.0,0.0,106.0,0.0,0.0,100.0
1.07,0.0,0.0,107.0,0.0,0.0,100.0
1.08,0.0,0.0,108.0,0.0,0.0,100.0
1.09,0.0,0.0,109.00000000000001,0.0,0.0,100.0
1.1,0.0,0.0,110.00000000000001,0.0,0.0,100.0
1.11,0.0,0.0,111.00000000000001,0.0,0.0,100.0
1.12,0.0,0.0,112.00000000000001,0.0,0.0,100.0
1.1300000000000001,0.0,0.0,113.00000000000001,0.0,0.0,100.0
1.1400000000000001,0.0,0.0,114.00000000000001,0.0,0.0,100.0
1.1500000000000001,0.0,0.0,115.00000000000001,0.0,0.0,100.0
1.16,0.0,0.0,115.99999999999999,0.0,0.0,100.0
1.17,0.0,0.0,117.0,0.0,0.0,100.0
1.18,0.0,0.0,118.0,0.0,0.0,100.0
1.19,0.0,0.0,119.0,0.0,0.0,100.0
1.2,0.0,0.0,120.0,0.0,0.0,100.0
1.21,0.0,0.0,121.0,0.0,0.0,100.0
1.22,0.0,0.0,122.0,0.0,0.0,100.0
1.23,0.0,0.0,123.0,0.0,0.0,100.0
1.24,0.0,0.0,124.0,0.0,0.0,100.0
1.25,0.0,0.0,125.0,0.0,0.0,100.0
1.26,0.0,0.0,126.0,0.0,0.0,100.0
1.27,0.0,0.0,127.0,0.0,0.0,100.0
1.28,0.0,0.0,128.0,0.0,0.0,100.0
1.29,0.0,0.0,129.0,0.0,0.0,100.0
1.3,0.0,0.0,130.0,0.0,0.0,100.0
1.31,0.0,0.0,131.0,0.0,0.0,100.0
1.32,0.0,0.0,132.0,0.0,0.0,100.0
1.33,0.0,0.0,133.0,0.0,0.0,100.0
1.34,0.0,0.0,134.0,0.0,0.0,100.0
1.35,0.0,0.0,135.0,0.0,0.0,100.0
1.36,0.0,0.0,136.0,0.0,0.0,100.0
1.37,0.0,0.0,137.0,0.0,0.0,100.0
1.3800000000000001,0.0,0.0,138.0,0.0,0.0,100.0
1.3900000000000001,0.0,0.0,139.0,0.0,0.0,100.0
1.4000000000000001,0.0,0.0,140.0,0.0,0.0,100.0
1.41,0.0,0.0,141.0,0.0,0.0,100.0
1.42,0.0,0.0,142.0,0.0,0.0,100.0
1.43,0.0,0.0,143.0,0.0,0.0,100.0
1.44,0.0,0.0,144.0,0.0,0.0,100.0
1.45,0.0,0.0,145.0,0.0,0.0,100.0
1.46,0.0,0.0,146.0,0.0,0.0,100.0
1.47,0.0,0.0,147.0,0.0,0.0,100.0
1.48,0.0,0.0,148.0,0.0,0.0,100.0
1.49,0.0,0.0,149.0,0.0,0.0,100.0
1.5,0.0,0.0,150.0,0.0,0.0,100.0
1.51,0.0,0.0,151.0,0.0,0.0,100.0
1.52,0.0,0.0,152.0,0.0,0.0,100.0
1.53,0.0,0.0,153.0,0.0,0.0,100.0
1.54,0.0,0.0,154.0,0.0,0.0,100.0
1.55,0.0,0.0,155.0,0.0,0.0,100.0
1.56,0.0,0.0,156.0,0.0,0.0,100.0
1.57,0.0,0.0,157.0,0.0,0.0,100.0
1.58,0.0,0.0,158.0,0.0,0.0,100.0
1.59,0.0,0.0,159.0,0.0,0.0,100.0
1.6,0.0,0.0,160.0,0.0,0.0,100.0
1.61,0.0,0.0,161.0,0.0,0.0,100.0
1.62,0.0,0.0,162.0,0.0,0.0,100.0
1.6300000000000001,0.0,0.0,163.0,0.0,0.0,100.0
1.6400000000000001,0.0,0.0,164.0,0.0,0.0,100.0
1.6500000000000001,0.0,0.0,165.0,0.0,0.0,100.0
1.6600000000000001,0.0,0.0,166.0,0.0,0.0,100.0
1.67,0.0,0.0,167.0,0.0,0.0,100.0
1.68,0.0,0.0,168.0,0.0,0.0,100.0
1.69,0.0,0.0,169.0,0.0,0.0,100.0
1.7,0.0,0.0,170.0,0.0,0.0,100.0
1.71,0.0,0.0,171.0,0.0,0.0,100.0
1.72,0.0,0.0,172.0,0.0,0.0,100.0
1.73,0.0,0.0,173.0,0.0,0.0,100.0
1.74,0.0,0.0,174.0,0.0,0.0,100.0
1.75,0.0,0.0,175.0,0.0,0.0,100.0
1.76,0.0,0.0,176.0,0.0,0.0,100.0
1.77,0.0,0.0,177.0,0.0,0.0,100.0
1.78,0.0,0.0,178.0,0.0,0.0,100.0
1.79,0.0,0.0,179.0,0.0,0.0,100.0
1.8,0.0,0.0,180.0,0.0,0.0,100.0
1.81,0.0,0.0,181.0,0.0,0.0,100.0
1.82,0.0,0.0,182.0,0.0,0.0,100.0
1.83,0.0,0.0,183.0,0.0,0.0,100.0
1.84,0.0,0.0,184.0,0.0,0.0,100.0
1.85,0.0,0.0,185.0,0.0,0.0,100.0
1.86,0.0,0.0,186.0,0.0,0.0,100.0
1.87,0.0,0.0,187.0,0.0,0.0,100.0
1.8800000000000001,0.0,0.0,188.0,0.0,0.0,100.0
1.8900000000000001,0.0,0.0,189.0,0.0,0.0,100.0
1.9000000000000001,0.0,0.0,190.0,0.0,0.0,100.0
1.9100000000000001,0.0,0.0,191.0,0.0,0.0,100.0
1.92,0.0,0.0,192.0,0.0,0.0,100.0
1.93,0.0,0.0,193.0,0.0,0.0,100.0
1.94,0.0,0.0,194.0,0.0,0.0,100.0
1.95,0.0,0.0,195.0,0.0,0.0,100.0
1.96,0.0,0.0,196.0,0.0,0.0,100.0
1.97,0.0,0.0,197.0,0.0,0.0,100.0
1.98,0.0,0.0,198.0,0.0,0.0,100.0
1.99,0.0,0.0,199.0,0.0,0.0,100.0
2.0,0.0,0.0,200.0,0.0,0.0,100.0
2.0100000000000002,0.0,0.0,201.00000000000003,0.0,0.0,100.0
2.02,0.0,0.0,202.0,0.0,0.0,100.0
2.0300000000000002,0.0,0.0,203.00000000000003,0.0,0.0,100.0
2.04,0.0,0.0,204.0,0.0,0.0,100.0
2.05,0.0,0.0,204.99999999999997,0.0,0.0,100.0
2.06,0.0,0.0,206.0,0.0,0.0,100.0
2.07,0.0,0.0,206.99999999999997,0.0,0.0,100.0
2.08,0.0,0.0,208.0,0.0,0.0,100.0
2.09,0.0,0.0,209.0,0.0,0.0,100.0
2.1,0.0,0.0,210.0,0.0,0.0,100.0
2.11,0.0,0.0,211.0,0.0,0.0,100.0
2.12,0.0,0.0,212.0,0.0,0.0,100.0
2.13,0.0,0.0,213.0,0.0,0.0,100.0
2.14,0.0,0.0,214.0,0.0,0.0,100.0
2.15,0.0,0.0,215.0,0.0,0.0,100.0
2.16,0.0,0.0,216.0,0.0,0.0,100.0
2.17,0.0,0.0,217.0,0.0,0.0,100.0
2.18,0.0,0.0,218.00000000000003,0.0,0.0,100.0
2.19,0.0,0.0,219.0,0.0,0.0,100.0
2.2,0.0,0.0,220.00000000000003,0.0,0.0,100.0
2.21,0.0,0.0,221.0,0.0,0.0,100.0
2.22,0.0,0.0,222.00000000000003,0.0,0.0,100.0
2.23,0.0,0.0,223.0,0.0,0.0,100.0
2.24,0.0,0.0,224.00000000000003,0.0,0.0,100.0
2.25,0.0,0.0,225.0,0.0,0.0,100.0
2.2600000000000002,0.0,0.0,226.00000000000003,0.0,0.0,100.0
2.27,0.0,0.0,227.0,0.0,0.0,100.0
2.2800000000000002,0.0,0.0,228.00000000000003,0.0,0.0,100.0
2.29,0.0,0.0,229.0,0.0,0.0,100.0
2.3000000000000003,0.0,0.0,230.00000000000003,0.0,0.0,100.0
2.31,0.0,0.0,231.0,0.0,0.0,100.0
2.32,0.0,0.0,231.99999999999997,0.0,0.0,100.0
2.33,0.0,0.0,233.0,0.0,0.0,100.0
2.34,0.0,0.0,234.0,0.0,0.0,100.0
2.35,0.0,0.0,235.0,0.0,0.0,100.0
2.36,0.0,0.0,236.0,0.0,0.0,100.0
2.37,0.0,0.0,237.0,0.0,0.0,100.0
2.38,0.0,0.0,238.0,0.0,0.0,100.0
2.39,0.0,0.0,239.0,0.0,0.0,100.0
2.4,0.0,0.0,240.0,0.0,0.0,100.0
2.41,0.0,0.0,241.0,0.0,0.0,100.0
2.42,0.0,0.0,242.0,0.0,0.0,100.0
2.43,0.0,0.0,243.00000000000003,0.0,0.0,100.0
2.44,0.0,0.0,244.0,0.0,0.0,100.0
2.45,0.0,0.0,245.00000000000003,0.0,0.0,100.0
2.46,0.0,0.0,246.0,0.0,0.0,100.0
2.47,0.0,0.0,247.00000000000003,0.0,0.0,100.0
2.48,0.0,0.0,248.0,0.0,0.0,100.0
2.49,0.0,0.0,249.00000000000003,0.0,0.0,100.0
2.5,0.0,0.0,250.0,0.0,0.0,100.0
2.5100000000000002,0.0,0.0,251.00000000000003,0.0,0.0,100.0
2.52,0.0,0.0,252.0,0.0,0.0,100.0
2.5300000000000002,0.0,0.0,253.00000000000003,0.0,0.0,100.0
2.54,0.0,0.0,254.0,0.0,0.0,100.0
2.5500000000000003,0.0,0.0,255.00000000000003,0.0,0.0,100.0
2.56,0.0,0.0,256.0,0.0,0.0,100.0
2.57,0.0,0.0,257.0,0.0,0.0,100.0
2.58,0.0,0.0,258.0,0.0,0.0,100.0
2.59,0.0,0.0,259.0,0.0,0.0,100.0
2.6,0.0,0.0,260.0,0.0,0.0,100.0
2.61,0.0,0.0,261.0,0.0,0.0,100.0
2.62,0.0,0.0,262.0,0.0,0.0,100.0
2.63,0.0,0.0,263.0,0.0,0.0,100.0
2.64,0.0,0.0,264.0,0.0,0.0,100.0
2.65,0.0,0.0,265.0,0.0,0.0,100.0
2.66,0.0,0.0,266.0,0.0,0.0,100.0
2.67,0.0,0.0,267.0,0.0,0.0,100.0
2.68,0.0,0.0,268.0,0.0,0.0,100.0
2.69,0.0,0.0,269.0,0.0,0.0,100.0
2.7,0.0,0.0,270.0,0.0,0.0,100.0
2.71,0.0,0.0,271.0,0.0,0.0,100.0
2.72,0.0,0.0,272.0,0.0,0.0,100.0
2.73,0.0,0.0,273.0,0.0,0.0,100.0
2.74,0.0,0.0,274.0,0.0,0.0,100.0
2.75,0.0,0.0,275.0,0.0,0.0,100.0
2.7600000000000002,0.0,0.0,276.0,0.0,0.0,100.0
2.77,0.0,0.0,277.0,0.0,0.0,100.0
2.7800000000000002,0.0,0.0,278.0,0.0,0.0,100.0
2.79,0.0,0.0,279.0,0.0,0.0,100.0
2.8000000000000003,0.0,0.0,280.0,0.0,0.0,100.0
2.81,0.0,0.0,281.0,0.0,0.0,100.0
2.82,0.0,0.0,282.0,0.0,0.0,100.0
2.83,0.0,0.0,283.0,0.0,0.0,100.0
2.84,0.0,0.0,284.0,0.0,0.0,100.0
2.85,0.0,0.0,285.0,0.0,0.0,100.0
2.86,0.0,0.0,286.0,0.0,0.0,100.0
2.87,0.0,0.0,287.0,0.0,0.0,100.0
2.88,0.0,0.0,288.0,0.0,0.0,100.0
2.89,0.0,0.0,289.0,0.0,0.0,100.0
2.9,0.0,0.0,290.0,0.0,0.0,100.0
2.91,0.0,0.0,291.0,0.0,0.0,100.0
2.92,0.0,0.0,292.0,0.0,0.0,100.0
2.93,0.0,0.0,293.0,0.0,0.0,100.0
2.94,0.0,0.0,294.0,0.0,0.0,100.0
2.95,0.0,0.0,295.0,0.0,0.0,100.0
2.96,0.0,0.0,296.0,0.0,0.0,100.0
2.97,0.0,0.0,297.0,0.0,0.0,100.0
2.98,0.0,0.0,298.0,0.0,0.0,100.0
2.99,0.0,0.0,299.0,0.0,0.0,100.0
3.0,0.0,0.0,300.0,0.0,0.0,100.0
3.0100000000000002,0.0,0.0,301.0,0.0,0.0,100.0
3.02,0.0,0.0,302.0,0.0,0.0,100.0
3.0300000000000002,0.0,0.0,303.0,0.0,0.0,100.0
3.04,0.0,0.0,304.0,0.0,0.0,100.0
3.0500000000000003,0.0,0.0,305.0,0.0,0.0,100.0
3.06,0.0,0.0,306.0,0.0,0.0,100.0
3.0700000000000003,0.0,0.0,307.0,0.0,0.0,100.0
3.08,0.0,0.0,308.0,0.0,0.0,100.0
3.09,0.0,0.0,309.0,0.0,0.0,100.0
3.1,0.0,0.0,310.0,0.0,0.0,100.0
3.11,0.0,0.0,311.0,0.0,0.0,100.0
3.12,0.0,0.0,312.0,0.0,0.0,100.0
3.13,0.0,0.0,313.0,0.0,0.0,100.0
3.14,0.0,0.0,314.0,0.0,0.0,100.0
3.15,0.0,0.0,315.0,0.0,0.0,100.0
3.16,0.0,0.0,316.0,0.0,0.0,100.0
3.17,0.0,0.0,317.0,0.0,0.0,100.0
3.18,0.0,0.0,318.0,0.0,0.0,100.0
3.19,0.0,0.0,319.0,0.0,0.0,100.0
3.2,0.0,0.0,320.0,0.0,0.0,100.0
3.21,0.0,0.0,321.0,0.0,0.0,100.0
3.22,0.0,0.0,322.0,0.0,0.0,100.0
3.23,0.0,0.0,323.0,0.0,0.0,100.0
3.24,0.0,0.0,324.0,0.0,0.0,100.0
3.25,0.0,0.0,325.0,0.0,0.0,100.0
3.2600000000000002,0.0,0.0,326.0,0.0,0.0,100.0
3.27,0.0,0.0,327.0,0.0,0.0,100.0
3.2800000000000002,0.0,0.0,328.0,0.0,0.0,100.0
3.29,0.0,0.0,329.0,0.0,0.0,100.0
3.3000000000000003,0.0,0.0,330.0,0.0,0.0,100.0
3.31,0.0,0.0,331.0,0.0,0.0,100.0
3.3200000000000003,0.0,0.0,332.0,0.0,0.0,100.0
3.33,0.0,0.0,333.0,0.0,0.0,100.0
3.34,0.0,0.0,334.0,0.0,0.0,100.0
3.35,0.0,0.0,335.0,0.0,0.0,100.0
3.36,0.0,0.0,336.0,0.0,0.0,100.0
3.37,0.0,0.0,337.0,0.0,0.0,100.0
3.38,0.0,0.0,338.0,0.0,0.0,100.0
3.39,0.0,0.0,339.0,0.0,0.0,100.0
3.4,0.0,0.0,340.0,0.0,0.0,100.0
3.41,0.0,0.0,341.0,0.0,0.0,100.0
3.42,0.0,0.0,342.0,0.0,0.0,100.0
3.43,0.0,0.0,343.0,0.0,0.0,100.0
3.44,0.0,0.0,344.0,0.0,0.0,100.0
3.45,0.0,0.0,345.0,0.0,0.0,100.0
3.46,0.0,0.0,346.0,0.0,0.0,100.0
3.47,0.0,0.0,347.0,0.0,0.0,100.0
3.48,0.0,0.0,348.0,0.0,0.0,100.0
3.49,0.0,0.0,349.0,0.0,0.0,100.0
3.5,0.0,0.0,350.0,0.0,0.0,100.0
3.5100000000000002,0.0,0.0,351.0,0.0,0.0,100.0
3.52,0.0,0.0,352.0,0.0,0.0,100.0
3.5300000000000002,0.0,0.0,353.0,0.0,0.0,100.0
3.54,0.0,0.0,354.0,0.0,0.0,100.0
3.5500000000000003,0.0,0.0,355.0,0.0,0.0,100.0
3.56,0.0,0.0,356.0,0.0,0.0,100.0
3.5700000000000003,0.0,0.0,357.0,0.0,0.0,100.0
3.58,0.0,0.0,358.0,0.0,0.0,100.0
3.59,0.0,0.0,359.0,0.0,0.0,100.0
3.6,0.0,0.0,360.0,0.0,0.0,100.0
3.61,0.0,0.0,361.0,0.0,0.0,100.0
3.62,0.0,0.0,362.0,0.0,0.0,100.0
3.63,0.0,0.0,363.0,0.0,0.0,100.0
3.64,0.0,0.0,364.0,0.0,0.0,100.0
3.65,0.0,0.0,365.0,0.0,0.0,100.0
3.66,0.0,0.0,366.0,0.0,0.0,100.0
3.67,0.0,0.0,367.0,0.0,0.0,100.0
3.68,0.0,0.0,368.0,0.0,0.0,100.0
3.69,0.0,0.0,369.0,0.0,0.0,100.0
3.7,0.0,0.0,370.0,0.0,0.0,100.0
3.71,0.0,0.0,371.0,0.0,0.0,100.0
3.72,0.0,0.0,372.0,0.0,0.0,100.0
3.73,0.0,0.0,373.0,0.0,0.0,100.0
3.74,0.0,0.0,374.0,0.0,0.0,100.0
3.75,0.0,0.0,375.0,0.0,0.0,100.0
3.7600000000000002,0.0,0.0,376.0,0.0,0.0,100.0
3.77,0.0,0.0,377.0,0.0,0.0,100.0
3.7800000000000002,0.0,0.0,378.0,0.0,0.0,100.0
3.79,0.0,0.0,379.0,0.0,0.0,100.0
3.8000000000000003,0.0,0.0,380.0,0.0,0.0,100.0
3.81,0.0,0.0,381.0,0.0,0.0,100.0
3.8200000000000003,0.0,0.0,382.0,0.0,0.0,100.0
3.83,0.0,0.0,383.0,0.0,0.0,100.0
3.84,0.0,0.0,384.0,0.0,0.0,100.0
3.85,0.0,0.0,385.0,0.0,0.0,100.0
3.86,0.0,0.0,386.0,0.0,0.0,100.0
3.87,0.0,0.0,387.0,0.0,0.0,100.0
3.88,0.0,0.0,388.0,0.0,0.0,100.0
3.89,0.0,0.0,389.0,0.0,0.0,100.0
3.9,0.0,0.0,390.0,0.0,0.0,100.0
3.91,0.0,0.0,391.0,0.0,0.0,100.0
3.92,0.0,0.0,392.0,0.0,0.0,100.0
3.93,0.0,0.0,393.0,0.0,0.0,100.0
3.94,0.0,0.0,394.0,0.0,0.0,100.0
3.95,0.0,0.0,395.0,0.0,0.0,100.0
3.96,0.0,0.0,396.0,0.0,0.0,100.0
3.97,0.0,0.0,397.0,0.0,0.0,100.0
3.98,0.0,0.0,398.0,0.0,0.0,100.0
3.99,0.0,0.0,399.0,0.0,0.0,100.0
4.0,0.0,0.0,400.0,0.0,0.0,100.0
4.01,0.0,0.0,401.0,0.0,0.0,100.0
4.0200000000000005,0.0,0.0,402.00000000000006,0.0,0.0,100.0
4.03,0.0,0.0,403.0,0.0,0.0,100.0
4.04,0.0,0.0,404.0,0.0,0.0,100.0
4.05,0.0,0.0,405.0,0.0,0.0,100.0
4.0600000000000005,0.0,0.0,406.00000000000006,0.0,0.0,100.0
4.07,0.0,0.0,407.0,0.0,0.0,100.0
4.08,0.0,0.0,408.0,0.0,0.0,100.0
4.09,0.0,0.0,409.0,0.0,0.0,100.0
4.1,0.0,0.0,409.99999999999994,0.0,0.0,100.0
4.11,0.0,0.0,411.00000000000006,0.0,0.0,100.0
4.12,0.0,0.0,412.0,0.0,0.0,100.0
4.13,0.0,0.0,413.0,0.0,0.0,100.0
4.14,0.0,0.0,413.99999999999994,0.0,0.0,100.0
4.15,0.0,0.0,415.00000000000006,0.0,0.0,100.0
4.16,0.0,0.0,416.0,0.0,0.0,100.0
4.17,0.0,0.0,417.0,0.0,0.0,100.0
4.18,0.0,0.0,418.0,0.0,0.0,100.0
4.19,0.0,0.0,419.00000000000006,0.0,0.0,100.0
4.2,0.0,0.0,420.0,0.0,0.0,100.0
4.21,0.0,0.0,421.0,0.0,0.0,100.0
4.22,0.0,0.0,422.0,0.0,0.0,100.0
4.23,0.0,0.0,423.00000000000006,0.0,0.0,100.0
4.24,0.0,0.0,424.0,0.0,0.0,100.0
4.25,0.0,0.0,425.0,0.0,0.0,100.0
4.26,0.0,0.0,426.0,0.0,0.0,100.0
4.2700000000000005,0.0,0.0,427.00000000000006,0.0,0.0,100.0
4.28,0.0,0.0,428.0,0.0,0.0,100.0
4.29,0.0,0.0,429.0,0.0,0.0,100.0
4.3,0.0,0.0,430.0,0.0,0.0,100.0
4.3100000000000005,0.0,0.0,431.00000000000006,0.0,0.0,100.0
4.32,0.0,0.0,432.0,0.0,0.0,100.0
4.33,0.0,0.0,433.0,0.0,0.0,100.0
4.34,0.0,0.0,434.0,0.0,0.0,100.0
4.3500000000000005,0.0,0.0,435.00000000000006,0.0,0.0,100.0
4.36,0.0,0.0,436.00000000000006,0.0,0.0,100.0
4.37,0.0,0.0,437.0,0.0,0.0,100.0
4.38,0.0,0.0,438.0,0.0,0.0,100.0
4.39,0.0,0.0,438.99999999999994,0.0,0.0,100.0
4.4,0.0,0.0,440.00000000000006,0.0,0.0,100.0
4.41,0.0,0.0,441.0,0.0,0.0,100.0
4.42,0.0,0.0,442.0,0.0,0.0,100.0
4.43,0.0,0.0,443.0,0.0,0.0,100.0
4.44,0.0,0.0,444.00000000000006,0.0,0.0,100.0
4.45,0.0,0.0,445.0,0.0,0.0,100.0
4.46,0.0,0.0,446.0,0.0,0.0,100.0
4.47,0.0,0.0,447.0,0.0,0.0,100.0
4.48,0.0,0.0,448.00000000000006,0.0,0.0,100.0
4.49,0.0,0.0,449.0,0.0,0.0,100.0
4.5,0.0,0.0,450.0,0.0,0.0,100.0
4.51,0.0,0.0,451.0,0.0,0.0,100.0
4.5200000000000005,0.0,0.0,452.00000000000006,0.0,0.0,100.0
4.53,0.0,0.0,453.0,0.0,0.0,100.0
4.54,0.0,0.0,454.0,0.0,0.0,100.0
4.55,0.0,0.0,455.0,0.0,0.0,100.0
4.5600000000000005,0.0,0.0,456.00000000000006,0.0,0.0,100.0
4.57,0.0,0.0,457.0,0.0,0.0,100.0
4.58,0.0,0.0,458.0,0.0,0.0,100.0
4.59,0.0,0.0,459.0,0.0,0.0,100.0
4.6000000000000005,0.0,0.0,460.00000000000006,0.0,0.0,100.0
4.61,0.0,0.0,461.00000000000006,0.0,0.0,100.0
4.62,0.0,0.0,462.0,0.0,0.0,100.0
4.63,0.0,0.0,463.0,0.0,0.0,100.0
4.64,0.0,0.0,463.99999999999994,0.0,0.0,100.0
4.65,0.0,0.0,465.00000000000006,0.0,0.0,100.0
4.66,0.0,0.0,466.0,0.0,0.0,100.0
4.67,0.0,0.0,467.0,0.0,0.0,100.0
4.68,0.0,0.0,468.0,0.0,0.0,100.0
4.69,0.0,0.0,469.00000000000006,0.0,0.0,100.0
4.7,0.0,0.0,470.0,0.0,0.0,100.0
4.71,0.0,0.0,471.0,0.0,0.0,100.0
4.72,0.0,0.0,472.0,0.0,0.0,100.0
4.73,0.0,0.0,473.00000000000006,0.0,0.0,100.0
4.74,0.0,0.0,474.0,0.0,0.0,100.0
4.75,0.0,0.0,475.0,0.0,0.0,100.0
4.76,0.0,0.0,476.0,0.0,0.0,100.0
4.7700000000000005,0.0,0.0,477.00000000000006,0.0,0.0,100.0
4.78,0.0,0.0,478.0,0.0,0.0,100.0
4.79,0.0,0.0,479.0,0.0,0.0,100.0
4.8,0.0,0.0,480.0,0.0,0.0,100.0
4.8100000000000005,0.0,0.0,481.00000000000006,0.0,0.0,100.0
4.82,0.0,0.0,482.0,0.0,0.0,100.0
4.83,0.0,0.0,483.0,0.0,0.0,100.0
4.84,0.0,0.0,484.0,0.0,0.0,100.0
4.8500000000000005,0.0,0.0,485.00000000000006,0.0,0.0,100.0
4.86,0.0,0.0,486.00000000000006,0.0,0.0,100.0
4.87,0.0,0.0,487.0,0.0,0.0,100.0
4.88,0.0,0.0,488.0,0.0,0.0,100.0
4.89,0.0,0.0,488.99999999999994,0.0,0.0,100.0
4.9,0.0,0.0,490.00000000000006,0.0,0.0,100.0
4.91,0.0,0.0,491.0,0.0,0.0,100.0
4.92,0.0,0.0,492.0,0.0,0.0,100.0
4.93,0.0,0.0,493.0,0.0,0.0,100.0
4.94,0.0,0.0,494.00000000000006,0.0,0.0,100.0
4.95,0.0,0.0,495.0,0.0,0.0,100.0
4.96,0.0,0.0,496.0,0.0,0.0,100.0
4.97,0.0,0.0,497.0,0.0,0.0,100.0
4.98,0.0,0.0,498.00000000000006,0.0,0.0,100.0
4.99,0.0,0.0,499.0,0.0,0.0,100.0
5.0,0.0,0.0,500.0,0.0,0.0,100.0
5.01,0.0,0.0,501.0,0.0,0.0,100.0
5.0200000000000005,0.0,0.0,502.00000000000006,0.0,0.0,100.0
5.03,0.0,0.0,503.0,0.0,0.0,100.0
5.04,0.0,0.0,504.0,0.0,0.0,100.0
5.05,0.0,0.0,505.0,0.0,0.0,100.0
5.0600000000000005,0.0,0.0,506.00000000000006,0.0,0.0,100.0
5.07,0.0,0.0,507.0,0.0,0.0,100.0
5.08,0.0,0.0,508.0,0.0,0.0,100.0
5.09,0.0,0.0,509.0,0.0,0.0,100.0
5.1000000000000005,0.0,0.0,510.00000000000006,0.0,0.0,100.0
5.11,0.0,0.0,511.00000000000006,0.0,0.0,100.0
5.12,0.0,0.0,512.0,0.0,0.0,100.0
5.13,0.0,0.0,513.0,0.0,0.0,100.0
5.14,0.0,0.0,514.0,0.0,0.0,100.0
5.15,0.0,0.0,515.0,0.0,0.0,100.0
5.16,0.0,0.0,516.0,0.0,0.0,100.0
5.17,0.0,0.0,517.0,0.0,0.0,100.0
5.18,0.0,0.0,518.0,0.0,0.0,100.0
5.19,0.0,0.0,519.0,0.0,0.0,100.0
5.2,0.0,0.0,520.0,0.0,0.0,100.0
5.21,0.0,0.0,521.0,0.0,0.0,100.0
5.22,0.0,0.0,522.0,0.0,0.0,100.0
5.23,0.0,0.0,523.0,0.0,0.0,100.0
5.24,0.0,0.0,524.0,0.0,0.0,100.0
5.25,0.0,0.0,525.0,0.0,0.0,100.0
5.26,0.0,0.0,526.0,0.0,0.0,100.0
5.2700000000000005,0.0,0.0,527.0,0.0,0.0,100.0
5.28,0.0,0.0,528.0,0.0,0.0,100.0
5.29,0.0,0.0,529.0,0.0,0.0,100.0
5.3,0.0,0.0,530.0,0.0,0.0,100.0
5.3100000000000005,0.0,0.0,531.0,0.0,0.0,100.0
5.32,0.0,0.0,532.0,0.0,0.0,100.0
5.33,0.0,0.0,533.0,0.0,0.0,100.0
5.34,0.0,0.0,534.0,0.0,0.0,100.0
5.3500000000000005,0.0,0.0,535.0,0.0,0.0,100.0
5.36,0.0,0.0,536.0,0.0,0.0,100.0
5.37,0.0,0.0,537.0,0.0,0.0,100.0
5.38,0.0,0.0,538.0,0.0,0.0,100.0
5.39,0.0,0.0,539.0,0.0,0.0,100.0
5.4,0.0,0.0,540.0,0.0,0.0,100.0
5.41,0.0,0.0,541.0,0.0,0.0,100.0
5.42,0.0,0.0,542.0,0.0,0.0,100.0
5.43,0.0,0.0,543.0,0.0,0.0,100.0
5.44,0.0,0.0,544.0,0.0,0.0,100.0
5.45,0.0,0.0,545.0,0.0,0.0,100.0
5.46,0.0,0.0,546.0,0.0,0.0,100.0
5.47,0.0,0.0,547.0,0.0,0.0,100.0
5.48,0.0,0.0,548.0,0.0,0.0,100.0
5.49,0.0,0.0,549.0,0.0,0.0,100.0
5.5,0.0,0.0,550.0,0.0,0.0,100.0
5.51,0.0,0.0,551.0,0.0,0.0,100.0
5.5200000000000005,0.0,0.0,552.0,0.0,0.0,100.0
5.53,0.0,0.0,553.0,0.0,0.0,100.0
5.54,0.0,0.0,554.0,0.0,0.0,100.0
5.55,0.0,0.0,555.0,0.0,0.0,100.0
5.5600000000000005,0.0,0.0,556.0,0.0,0.0,100.0
5.57,0.0,0.0,557.0,0.0,0.0,100.0
5.58,0.0,0.0,558.0,0.0,0.0,100.0
5.59,0.0,0.0,559.0,0.0,0.0,100.0
5.6000000000000005,0.0,0.0,560.0,0.0,0.0,100.0
5.61,0.0,0.0,561.0,0.0,0.0,100.0
5.62,0.0,0.0,562.0,0.0,0.0,100.0
5.63,0.0,0.0,563.0,0.0,0.0,100.0
5.64,0.0,0.0,564.0,0.0,0.0,100.0
5.65,0.0,0.0,565.0,0.0,0.0,100.0
5.66,0.0,0.0,566.0,0.0,0.0,100.0
5.67,0.0,0.0,567.0,0.0,0.0,100.0
5.68,0.0,0.0,568.0,0.0,0.0,100.0
5.69,0.0,0.0,569.0,0.0,0.0,100.0
5.7,0.0,0.0,570.0,0.0,0.0,100.0
5.71,0.0,0.0,571.0,0.0,0.0,100.0
5.72,0.0,0.0,572.0,0.0,0.0,100.0
5.73,0.0,0.0,573.0,0.0,0.0,100.0
5.74,0.0,0.0,574.0,0.0,0.0,100.0
5.75,0.0,0.0,575.0,0.0,0.0,100.0
5.76,0.0,0.0,576.0,0.0,0.0,100.0
5.7700000000000005,0.0,0.0,577.0,0.0,0.0,100.0
5.78,0.0,0.0,578.0,0.0,0.0,100.0
5.79,0.0,0.0,579.0,0.0,0.0,100.0
5.8,0.0,0.0,580.0,0.0,0.0,100.0
5.8100000000000005,0.0,0.0,581.0,0.0,0.0,100.0
5.82,0.0,0.0,582.0,0.0,0.0,100.0
5.83,0.0,0.0,583.0,0.0,0.0,100.0
5.84,0.0,0.0,584.0,0.0,0.0,100.0
5.8500000000000005,0.0,0.0,585.0,0.0,0.0,100.0
5.86,0.0,0.0,586.0,0.0,0.0,100.0
5.87,0.0,0.0,587.0,0.0,0.0,100.0
5.88,0.0,0.0,588.0,0.0,0.0,100.0
5.89,0.0,0.0,589.0,0.0,0.0,100.0
5.9,0.0,0.0,590.0,0.0,0.0,100.0
5.91,0.0,0.0,591.0,0.0,0.0,100.0
5.92,0.0,0.0,592.0,0.0,0.0,100.0
5.93,0.0,0.0,593.0,0.0,0.0,100.0
5.94,0.0,0.0,594.0,0.0,0.0,100.0
5.95,0.0,0.0,595.0,0.0,0.0,100.0
5.96,0.0,0.0,596.0,0.0,0.0,100.0
5.97,0.0,0.0,597.0,0.0,0.0,100.0
5.98,0.0,0.0,598.0,0.0,0.0,100.0
5.99,0.0,0.0,599.0,0.0,0.0,100.0
6.0,0.0,0.0,600.0,0.0,0.0,100.0
6.01,0.0,0.0,601.0,0.0,0.0,100.0
6.0200000000000005,0.0,0.0,602.0,0.0,0.0,100.0
6.03,0.0,0.0,603.0,0.0,0.0,100.0
6.04,0.0,0.0,604.0,0.0,0.0,100.0
6.05,0.0,0.0,605.0,0.0,0.0,100.0
6.0600000000000005,0.0,0.0,606.0,0.0,0.0,100.0
6.07,0.0,0.0,607.0,0.0,0.0,100.0
6.08,0.0,0.0,608.0,0.0,0.0,100.0
6.09,0.0,0.0,609.0,0.0,0.0,100.0
6.1000000000000005,0.0,0.0,610.0,0.0,0.0,100.0
6.11,0.0,0.0,611.0,0.0,0.0,100.0
6.12,0.0,0.0,612.0,0.0,0.0,100.0
6.13,0.0,0.0,613.0,0.0,0.0,100.0
6.140000000000001,0.0,0.0,614.0,0.0,0.0,100.0
6.15,0.0,0.0,615.0,0.0,0.0,100.0
6.16,0.0,0.0,616.0,0.0,0.0,100.0
6.17,0.0,0.0,617.0,0.0,0.0,100.0
6.18,0.0,0.0,618.0,0.0,0.0,100.0
6.19,0.0,0.0,619.0,0.0,0.0,100.0
6.2,0.0,0.0,620.0,0.0,0.0,100.0
6.21,0.0,0.0,621.0,0.0,0.0,100.0
6.22,0.0,0.0,622.0,0.0,0.0,100.0
6.23,0.0,0.0,623.0,0.0,0.0,100.0
6.24,0.0,0.0,624.0,0.0,0.0,100.0
6.25,0.0,0.0,625.0,0.0,0.0,100.0
6.26,0.0,0.0,626.0,0.0,0.0,100.0
6.2700000000000005,0.0,0.0,627.0,0.0,0.0,100.0
6.28,0.0,0.0,628.0,0.0,0.0,100.0
6.29,0.0,0.0,629.0,0.0,0.0,100.0
6.3,0.0,0.0,630.0,0.0,0.0,100.0
6.3100000000000005,0.0,0.0,631.0,0.0,0.0,100.0
6.32,0.0,0.0,632.0,0.0,0.0,100.0
6.33,0.0,0.0,633.0,0.0,0.0,100.0
6.34,0.0,0.0,634.0,0.0,0.0,100.0
6.3500000000000005,0.0,0.0,635.0,0.0,0.0,100.0
6.36,0.0,0.0,636.0,0.0,0.0,100.0
6.37,0.0,0.0,637.0,0.0,0.0,100.0
6.38,0.0,0.0,638.0,0.0,0.0,100.0
6.390000000000001,0.0,0.0,639.0,0.0,0.0,100.0
6.4,0.0,0.0,640.0,0.0,0.0,100.0
6.41,0.0,0.0,641.0,0.0,0.0,100.0
6.42,0.0,0.0,642.0,0.0,0.0,100.0
6.43,0.0,0.0,643.0,0.0,0.0,100.0
6.44,0.0,0.0,644.0,0.0,0.0,100.0
6.45,0.0,0.0,645.0,0.0,0.0,100.0
6.46,0.0,0.0,646.0,0.0,0.0,100.0
6.47,0.0,0.0,647.0,0.0,0.0,100.0
6.48,0.0,0.0,648.0,0.0,0.0,100.0
6.49,0.0,0.0,649.0,0.0,0.0,100.0
6.5,0.0,0.0,650.0,0.0,0.0,100.0
6.51,0.0,0.0,651.0,0.0,0.0,100.0
6.5200000000000005,0.0,0.0,652.0,0.0,0.0,100.0
6.53,0.0,0.0,653.0,0.0,0.0,100.0
6.54,0.0,0.0,654.0,0.0,0.0,100.0
6.55,0.0,0.0,655.0,0.0,0.0,100.0
6.5600000000000005,0.0,0.0,656.0,0.0,0.0,100.0
6.57,0.0,0.0,657.0,0.0,0.0,100.0
6.58,0.0,0.0,658.0,0.0,0.0,100.0
6.59,0.0,0.0,659.0,0.0,0.0,100.0
6.6000000000000005,0.0,0.0,660.0,0.0,0.0,100.0
6.61,0.0,0.0,661.0,0.0,0.0,100.0
6.62,0.0,0.0,662.0,0.0,0.0,100.0
6.63,0.0,0.0,663.0,0.0,0.0,100.0
6.640000000000001,0.0,0.0,664.0,0.0,0.0,100.0
6.65,0.0,0.0,665.0,0.0,0.0,100.0
6.66,0.0,0.0,666.0,0.0,0.0,100.0
6.67,0.0,0.0,667.0,0.0,0.0,100.0
6.68,0.0,0.0,668.0,0.0,0.0,100.0
6.69,0.0,0.0,669.0,0.0,0.0,100.0
6.7,0.0,0.0,670.0,0.0,0.0,100.0
6.71,0.0,0.0,671.0,0.0,0.0,100.0
6.72,0.0,0.0,672.0,0.0,0.0,100.0
6.73,0.0,0.0,673.0,0.0,0.0,100.0
6.74,0.0,0.0,674.0,0.0,0.0,100.0
6.75,0.0,0.0,675.0,0.0,0.0,100.0
6.76,0.0,0.0,676.0,0.0,0.0,100.0
6.7700000000000005,0.0,0.0,677.0,0.0,0.0,100.0
6.78,0.0,0.0,678.0,0.0,0.0,100.0
6.79,0.0,0.0,679.0,0.0,0.0,100.0
6.8,0.0,0.0,680.0,0.0,0.0,100.0
6.8100000000000005,0.0,0.0,681.0,0.0,0.0,100.0
6.82,0.0,0.0,682.0,0.0,0.0,100.0
6.83,0.0,0.0,683.0,0.0,0.0,100.0
6.84,0.0,0.0,684.0,0.0,0.0,100.0
6.8500000000000005,0.0,0.0,685.0,0.0,0.0,100.0
6.86,0.0,0.0,686.0,0.0,0.0,100.0
6.87,0.0,0.0,687.0,0.0,0.0,100.0
6.88,0.0,0.0,688.0,0.0,0.0,100.0
6.890000000000001,0.0,0.0,689.0,0.0,0.0,100.0
6.9,0.0,0.0,690.0,0.0,0.0,100.0
6.91,0.0,0.0,691.0,0.0,0.0,100.0
6.92,0.0,0.0,692.0,0.0,0.0,100.0
6.93,0.0,0.0,693.0,0.0,0.0,100.0
6.94,0.0,0.0,694.0,0.0,0.0,100.0
6.95,0.0,0.0,695.0,0.0,0.0,100.0
6.96,0.0,0.0,696.0,0.0,0.0,100.0
6.97,0.0,0.0,697.0,0.0,0.0,100.0
6.98,0.0,0.0,698.0,0.0,0.0,100.0
6.99,0.0,0.0,699.0,0.0,0.0,100.0
7.0,0.0,0.0,700.0,0.0,0.0,100.0
7.01,0.0,0.0,701.0,0.0,0.0,100.0
7.0200000000000005,0.0,0.0,702.0,0.0,0.0,100.0
7.03,0.0,0.0,703.0,0.0,0.0,100.0
7.04,0.0,0.0,704.0,0.0,0.0,100.0
7.05,0.0,0.0,705.0,0.0,0.0,100.0
7.0600000000000005,0.0,0.0,706.0,0.0,0.0,100.0
7.07,0.0,0.0,707.0,0.0,0.0,100.0
7.08,0.0,0.0,708.0,0.0,0.0,100.0
7.09,0.0,0.0,709.0,0.0,0.0,100.0
7.1000000000000005,0.0,0.0,710.0,0.0,0.0,100.0
7.11,0.0,0.0,711.0,0.0,0.0,100.0
7.12,0.0,0.0,712.0,0.0,0.0,100.0
7.13,0.0,0.0,713.0,0.0,0.0,100.0
7.140000000000001,0.0,0.0,714.0,0.0,0.0,100.0
7.15,0.0,0.0,715.0,0.0,0.0,100.0
7.16,0.0,0.0,716.0,0.0,0.0,100.0
7.17,0.0,0.0,717.0,0.0,0.0,100.0
7.18,0.0,0.0,718.0,0.0,0.0,100.0
7.19,0.0,0.0,719.0,0.0,0.0,100.0
7.2,0.0,0.0,720.0,0.0,0.0,100.0
7.21,0.0,0.0,721.0,0.0,0.0,100.0
7.22,0.0,0.0,722.0,0.0,0.0,100.0
7.23,0.0,0.0,723.0,0.0,0.0,100.0
7.24,0.0,0.0,724.0,0.0,0.0,100.0
7.25,0.0,0.0,725.0,0.0,0.0,100.0
7.26,0.0,0.0,726.0,0.0,0.0,100.0
7.2700000000000005,0.0,0.0,727.0,0.0,0.0,100.0
7.28,0.0,0.0,728.0,0.0,0.0,100.0
7.29,0.0,0.0,729.0,0.0,0.0,100.0
7.3,0.0,0.0,730.0,0.0,0.0,100.0
7.3100000000000005,0.0,0.0,731.0,0.0,0.0,100.0
7.32,0.0,0.0,732.0,0.0,0.0,100.0
7.33,0.0,0.0,733.0,0.0,0.0,100.0
7.34,0.0,0.0,734.0,0.0,0.0,100.0
7.3500000000000005,0.0,0.0,735.0,0.0,0.0,100.0
7.36,0.0,0.0,736.0,0.0,0.0,100.0
7.37,0.0,0.0,737.0,0.0,0.0,100.0
7.38,0.0,0.0,738.0,0.0,0.0,100.0
7.390000000000001,0.0,0.0,739.0,0.0,0.0,100.0
7.4,0.0,0.0,740.0,0.0,0.0,100.0
7.41,0.0,0.0,741.0,0.0,0.0,100.0
7.42,0.0,0.0,742.0,0.0,0.0,100.0
7.43,0.0,0.0,743.0,0.0,0.0,100.0
7.44,0.0,0.0,744.0,0.0,0.0,100.0
7.45,0.0,0.0,745.0,0.0,0.0,100.0
7.46,0.0,0.0,746.0,0.0,0.0,100.0
7.47,0.0,0.0,747.0,0.0,0.0,100.0
7.48,0.0,0.0,748.0,0.0,0.0,100.0
7.49,0.0,0.0,749.0,0.0,0.0,100.0
7.5,0.0,0.0,750.0,0.0,0.0,100.0
7.51,0.0,0.0,751.0,0.0,0.0,100.0
7.5200000000000005,0.0,0.0,752.0,0.0,0.0,100.0
7.53,0.0,0.0,753.0,0.0,0.0,100.0
7.54,0.0,0.0,754.0,0.0,0.0,100.0
7.55,0.0,0.0,755.0,0.0,0.0,100.0
7.5600000000000005,0.0,0.0,756.0,0.0,0.0,100.0
7.57,0.0,0.0,757.0,0.0,0.0,100.0
7.58,0.0,0.0,758.0,0.0,0.0,100.0
7.59,0.0,0.0,759.0,0.0,0.0,100.0
7.6000000000000005,0.0,0.0,760.0,0.0,0.0,100.0
7.61,0.0,0.0,761.0,0.0,0.0,100.0
7.62,0.0,0.0,762.0,0.0,0.0,100.0
7.63,0.0,0.0,763.0,0.0,0.0,100.0
7.640000000000001,0.0,0.0,764.0,0.0,0.0,100.0
7.65,0.0,0.0,765.0,0.0,0.0,100.0
7.66,0.0,0.0,766.0,0.0,0.0,100.0
7.67,0.0,0.0,767.0,0.0,0.0,100.0
7.68,0.0,0.0,768.0,0.0,0.0,100.0
7.69,0.0,0.0,769.0,0.0,0.0,100.0
7.7,0.0,0.0,770.0,0.0,0.0,100.0
7.71,0.0,0.0,771.0,0.0,0.0,100.0
7.72,0.0,0.0,772.0,0.0,0.0,100.0
7.73,0.0,0.0,773.0,0.0,0.0,100.0
7.74,0.0,0.0,774.0,0.0,0.0,100.0
7.75,0.0,0.0,775.0,0.0,0.0,100.0
7.76,0.0,0.0,776.0,0.0,0.0,100.0
7.7700000000000005,0.0,0.0,777.0,0.0,0.0,100.0
7.78,0.0,0.0,778.0,0.0,0.0,100.0
7.79,0.0,0.0,779.0,0.0,0.0,100.0
7.8,0.0,0.0,780.0,0.0,0.0,100.0
7.8100000000000005,0.0,0.0,781.0,0.0,0.0,100.0
7.82,0.0,0.0,782.0,0.0,0.0,100.0
7.83,0.0,0.0,783.0,0.0,0.0,100.0
7.84,0.0,0.0,784.0,0.0,0.0,100.0
7.8500000000000005,0.0,0.0,785.0,0.0,0.0,100.0
7.86,0.0,0.0,786.0,0.0,0.0,100.0
7.87,0.0,0.0,787.0,0.0,0.0,100.0
7.88,0.0,0.0,788.0,0.0,0.0,100.0
7.890000000000001,0.0,0.0,789.0,0.0,0.0,100.0
7.9,0.0,0.0,790.0,0.0,0.0,100.0
7.91,0.0,0.0,791.0,0.0,0.0,100.0
7.92,0.0,0.0,792.0,0.0,0.0,100.0
7.930000000000001,0.0,0.0,793.0000000000001,0.0,0.0,100.0
7.94,0.0,0.0,794.0,0.0,0.0,100.0
7.95,0.0,0.0,795.0,0.0,0.0,100.0
7.96,0.0,0.0,796.0,0.0,0.0,100.0
7.97,0.0,0.0,797.0,0.0,0.0,100.0
7.98,0.0,0.0,798.0,0.0,0.0,100.0
7.99,0.0,0.0,799.0,0.0,0.0,100.0
8.0,0.0,0.0,800.0,0.0,0.0,100.0
8.01,0.0,0.0,801.0,0.0,0.0,100.0
8.02,0.0,0.0,802.0,0.0,0.0,100.0
8.03,0.0,0.0,802.9999999999999,0.0,0.0,100.0
8.040000000000001,0.0,0.0,804.0000000000001,0.0,0.0,100.0
8.05,0.0,0.0,805.0000000000001,0.0,0.0,100.0
8.06,0.0,0.0,806.0,0.0,0.0,100.0
8.07,0.0,0.0,807.0,0.0,0.0,100.0
8.08,0.0,0.0,808.0,0.0,0.0,100.0
8.09,0.0,0.0,809.0,0.0,0.0,100.0
8.1,0.0,0.0,810.0,0.0,0.0,100.0
8.11,0.0,0.0,811.0,0.0,0.0,100.0
8.120000000000001,0.0,0.0,812.0000000000001,0.0,0.0,100.0
8.13,0.0,0.0,813.0000000000001,0.0,0.0,100.0
8.14,0.0,0.0,814.0,0.0,0.0,100.0
8.15,0.0,0.0,815.0,0.0,0.0,100.0
8.16,0.0,0.0,816.0,0.0,0.0,100.0
8.17,0.0,0.0,817.0,0.0,0.0,100.0
8.18,0.0,0.0,818.0,0.0,0.0,100.0
8.19,0.0,0.0,819.0,0.0,0.0,100.0
8.2,0.0,0.0,819.9999999999999,0.0,0.0,100.0
8.21,0.0,0.0,821.0000000000001,0.0,0.0,100.0
8.22,0.0,0.0,822.0000000000001,0.0,0.0,100.0
8.23,0.0,0.0,823.0,0.0,0.0,100.0
8.24,0.0,0.0,824.0,0.0,0.0,100.0
8.25,0.0,0.0,825.0,0.0,0.0,100.0
8.26,0.0,0.0,826.0,0.0,0.0,100.0
8.27,0.0,0.0,827.0,0.0,0.0,100.0
8.28,0.0,0.0,827.9999999999999,0.0,0.0,100.0
8.290000000000001,0.0,0.0,829.0000000000001,0.0,0.0,100.0
8.3,0.0,0.0,830.0000000000001,0.0,0.0,100.0
8.31,0.0,0.0,831.0,0.0,0.0,100.0
8.32,0.0,0.0,832.0,0.0,0.0,100.0
8.33,0.0,0.0,833.0,0.0,0.0,100.0
8.34,0.0,0.0,834.0,0.0,0.0,100.0
8.35,0.0,0.0,835.0,0.0,0.0,100.0
8.36,0.0,0.0,836.0,0.0,0.0,100.0
8.370000000000001,0.0,0.0,837.0000000000001,0.0,0.0,100.0
8.38,0.0,0.0,838.0000000000001,0.0,0.0,100.0
8.39,0.0,0.0,839.0,0.0,0.0,100.0
8.4,0.0,0.0,840.0,0.0,0.0,100.0
8.41,0.0,0.0,841.0,0.0,0.0,100.0
8.42,0.0,0.0,842.0,0.0,0.0,100.0
8.43,0.0,0.0,843.0,0.0,0.0,100.0
8.44,0.0,0.0,844.0,0.0,0.0,100.0
8.45,0.0,0.0,844.9999999999999,0.0,0.0,100.0
8.46,0.0,0.0,846.0000000000001,0.0,0.0,100.0
8.47,0.0,0.0,847.0000000000001,0.0,0.0,100.0
8.48,0.0,0.0,848.0,0.0,0.0,100.0
8.49,0.0,0.0,849.0,0.0,0.0,100.0
8.5,0.0,0.0,850.0,0.0,0.0,100.0
8.51,0.0,0.0,851.0,0.0,0.0,100.0
8.52,0.0,0.0,852.0,0.0,0.0,100.0
8.53,0.0,0.0,852.9999999999999,0.0,0.0,100.0
8.540000000000001,0.0,0.0,854.0000000000001,0.0,0.0,100.0
8.55,0.0,0.0,855.0000000000001,0.0,0.0,100.0
8.56,0.0,0.0,856.0,0.0,0.0,100.0
8.57,0.0,0.0,857.0,0.0,0.0,100.0
8.58,0.0,0.0,858.0,0.0,0.0,100.0
8.59,0.0,0.0,859.0,0.0,0.0,100.0
8.6,0.0,0.0,860.0,0.0,0.0,100.0
8.61,0.0,0.0,861.0,0.0,0.0,100.0
8.620000000000001,0.0,0.0,862.0000000000001,0.0,0.0,100.0
8.63,0.0,0.0,863.0000000000001,0.0,0.0,100.0
8.64,0.0,0.0,864.0,0.0,0.0,100.0
8.65,0.0,0.0,865.0,0.0,0.0,100.0
8.66,0.0,0.0,866.0,0.0,0.0,100.0
8.67,0.0,0.0,867.0,0.0,0.0,100.0
8.68,0.0,0.0,868.0,0.0,0.0,100.0
8.69,0.0,0.0,869.0,0.0,0.0,100.0
8.700000000000001,0.0,0.0,870.0000000000001,0.0,0.0,100.0
8.71,0.0,0.0,871.0000000000001,0.0,0.0,100.0
8.72,0.0,0.0,872.0000000000001,0.0,0.0,100.0
8.73,0.0,0.0,873.0,0.0,0.0,100.0
8.74,0.0,0.0,874.0,0.0,0.0,100.0
8.75,0.0,0.0,875.0,0.0,0.0,100.0
8.76,0.0,0.0,876.0,0.0,0.0,100.0
8.77,0.0,0.0,877.0,0.0,0.0,100.0
8.78,0.0,0.0,877.9999999999999,0.0,0.0,100.0
8.790000000000001,0.0,0.0,879.0000000000001,0.0,0.0,100.0
8.8,0.0,0.0,880.0000000000001,0.0,0.0,100.0
8.81,0.0,0.0,881.0,0.0,0.0,100.0
8.82,0.0,0.0,882.0,0.0,0.0,100.0
8.83,0.0,0.0,883.0,0.0,0.0,100.0
8.84,0.0,0.0,884.0,0.0,0.0,100.0
8.85,0.0,0.0,885.0,0.0,0.0,100.0
8.86,0.0,0.0,886.0,0.0,0.0,100.0
8.870000000000001,0.0,0.0,887.0000000000001,0.0,0.0,100.0
8.88,0.0,0.0,888.0000000000001,0.0,0.0,100.0
8.89,0.0,0.0,889.0,0.0,0.0,100.0
8.9,0.0,0.0,890.0,0.0,0.0,100.0
8.91,0.0,0.0,891.0,0.0,0.0,100.0
8.92,0.0,0.0,892.0,0.0,0.0,100.0
8.93,0.0,0.0,893.0,0.0,0.0,100.0
8.94,0.0,0.0,894.0,0.0,0.0,100.0
8.950000000000001,0.0,0.0,895.0000000000001,0.0,0.0,100.0
8.96,0.0,0.0,896.0000000000001,0.0,0.0,100.0
8.97,0.0,0.0,897.0000000000001,0.0,0.0,100.0
8.98,0.0,0.0,898.0,0.0,0.0,100.0
8.99,0.0,0.0,899.0,0.0,0.0,100.0
9.0,0.0,0.0,900.0,0.0,0.0,100.0
9.01,0.0,0.0,901.0,0.0,0.0,100.0
9.02,0.0,0.0,902.0,0.0,0.0,100.0
9.03,0.0,0.0,902.9999999999999,0.0,0.0,100.0
9.040000000000001,0.0,0.0,904.0000000000001,0.0,0.0,100.0
9.05,0.0,0.0,905.0000000000001,0.0,0.0,100.0
9.06,0.0,0.0,906.0,0.0,0.0,100.0
9.07,0.0,0.0,907.0,0.0,0.0,100.0
9.08,0.0,0.0,908.0,0.0,0.0,100.0
9.09,0.0,0.0,909.0,0.0,0.0,100.0
9.1,0.0,0.0,910.0,0.0,0.0,100.0
9.11,0.0,0.0,911.0,0.0,0.0,100.0
9.120000000000001,0.0,0.0,912.0000000000001,0.0,0.0,100.0
9.13,0.0,0.0,913.0000000000001,0.0,0.0,100.0
9.14,0.0,0.0,914.0,0.0,0.0,100.0
9.15,0.0,0.0,915.0,0.0,0.0,100.0
9.16,0.0,0.0,916.0,0.0,0.0,100.0
9.17,0.0,0.0,917.0,0.0,0.0,100.0
9.18,0.0,0.0,918.0,0.0,0.0,100.0
9.19,0.0,0.0,919.0,0.0,0.0,100.0
9.200000000000001,0.0,0.0,920.0000000000001,0.0,0.0,100.0
9.21,0.0,0.0,921.0000000000001,0.0,0.0,100.0
9.22,0.0,0.0,922.0000000000001,0.0,0.0,100.0
9.23,0.0,0.0,923.0,0.0,0.0,100.0
9.24,0.0,0.0,924.0,0.0,0.0,100.0
9.25,0.0,0.0,925.0,0.0,0.0,100.0
9.26,0.0,0.0,926.0,0.0,0.0,100.0
9.27,0.0,0.0,927.0,0.0,0.0,100.0
9.28,0.0,0.0,927.9999999999999,0.0,0.0,100.0
9.290000000000001,0.0,0.0,929.0000000000001,0.0,0.0,100.0
9.3,0.0,0.0,930.0000000000001,0.0,0.0,100.0
9.31,0.0,0.0,931.0,0.0,0.0,100.0
9.32,0.0,0.0,932.0,0.0,0.0,100.0
9.33,0.0,0.0,933.0,0.0,0.0,100.0
9.34,0.0,0.0,934.0,0.0,0.0,100.0
9.35,0.0,0.0,935.0,0.0,0.0,100.0
9.36,0.0,0.0,936.0,0.0,0.0,100.0
9.370000000000001,0.0,0.0,937.0000000000001,0.0,0.0,100.0
9.38,0.0,0.0,938.0000000000001,0.0,0.0,100.0
9.39,0.0,0.0,939.0,0.0,0.0,100.0
9.4,0.0,0.0,940.0,0.0,0.0,100.0
9.41,0.0,0.0,941.0,0.0,0.0,100.0
9.42,0.0,0.0,942.0,0.0,0.0,100.0
9.43,0.0,0.0,943.0,0.0,0.0,100.0
9.44,0.0,0.0,944.0,0.0,0.0,100.0
9.450000000000001,0.0,0.0,945.0000000000001,0.0,0.0,100.0
9.46,0.0,0.0,946.0000000000001,0.0,0.0,100.0
9.47,0.0,0.0,947.0000000000001,0.0,0.0,100.0
9.48,0.0,0.0,948.0,0.0,0.0,100.0
9.49,0.0,0.0,949.0,0.0,0.0,100.0
9.5,0.0,0.0,950.0,0.0,0.0,100.0
9.51,0.0,0.0,951.0,0.0,0.0,100.0
9.52,0.0,0.0,952.0,0.0,0.0,100.0
9.53,0.0,0.0,952.9999999999999,0.0,0.0,100.0
9.540000000000001,0.0,0.0,954.0000000000001,0.0,0.0,100.0
9.55,0.0,0.0,955.0000000000001,0.0,0.0,100.0
9.56,0.0,0.0,956.0,0.0,0.0,100.0
9.57,0.0,0.0,957.0,0.0,0.0,100.0
9.58,0.0,0.0,958.0,0.0,0.0,100.0
9.59,0.0,0.0,959.0,0.0,0.0,100.0
9.6,0.0,0.0,960.0,0.0,0.0,100.0
9.61,0.0,0.0,961.0,0.0,0.0,100.0
9.620000000000001,0.0,0.0,962.0000000000001,0.0,0.0,100.0
9.63,0.0,0.0,963.0000000000001,0.0,0.0,100.0
9.64,0.0,0.0,964.0,0.0,0.0,100.0
9.65,0.0,0.0,965.0,0.0,0.0,100.0
9.66,0.0,0.0,966.0,0.0,0.0,100.0
9.67,0.0,0.0,967.0,0.0,0.0,100.0
9.68,0.0,0.0,968.0,0.0,0.0,100.0
9.69,0.0,0.0,969.0,0.0,0.0,100.0
9.700000000000001,0.0,0.0,970.0000000000001,0.0,0.0,100.0
9.71,0.0,0.0,971.0000000000001,0.0,0.0,100.0
9.72,0.0,0.0,972.0000000000001,0.0,0.0,100.0
9.73,0.0,0.0,973.0,0.0,0.0,100.0
9.74,0.0,0.0,974.0,0.0,0.0,100.0
9.75,0.0,0.0,975.0,0.0,0.0,100.0
9.76,0.0,0.0,976.0,0.0,0.0,100.0
9.77,0.0,0.0,977.0,0.0,0.0,100.0
9.78,0.0,0.0,977.9999999999999,0.0,0.0,100.0
9.790000000000001,0.0,0.0,979.0000000000001,0.0,0.0,100.0
9.8,0.0,0.0,980.0000000000001,0.0,0.0,100.0
9.81,0.0,0.0,981.0,0.0,0.0,100.0
9.82,0.0,0.0,982.0,0.0,0.0,100.0
9.83,0.0,0.0,983.0,0.0,0.0,100.0
9.84,0.0,0.0,984.0,0.0,0.0,100.0
9.85,0.0,0.0,985.0,0.0,0.0,100.0
9.86,0.0,0.0,986.0,0.0,0.0,100.0
9.870000000000001,0.0,0.0,987.0000000000001,0.0,0.0,100.0
9.88,0.0,0.0,988.0000000000001,0.0,0.0,100.0
9.89,0.0,0.0,989.0,0.0,0.0,100.0
9.9,0.0,0.0,990.0,0.0,0.0,100.0
9.91,0.0,0.0,991.0,0.0,0.0,100.0
9.92,0.0,0.0,992.0,0.0,0.0,100.0
9.93,0.0,0.0,993.0,0.0,0.0,100.0
9.94,0.0,0.0,994.0,0.0,0.0,100.0
9.950000000000001,0.0,0.0,995.0000000000001,0.0,0.0,100.0
9.96,0.0,0.0,996.0000000000001,0.0,0.0,100.0
9.97,0.0,0.0,997.0000000000001,0.0,0.0,100.0
9.98,0.0,0.0,998.0,0.0,0.0,100.0
9.99,0.0,0.0,999.0,0.0,0.0,100.0
10.0,0.0,0.0,1000.0,0.0,0.0,100.0
10.01,0.0,0.0,999.0,0.0,0.0,-100.0
10.02,0.0,0.0,998.0,0.0,0.0,-100.0
10.03,0.0,0.0,997.0000000000001,0.0,0.0,-100.0
10.040000000000001,0.0,0.0,995.9999999999999,0.0,0.0,-100.0
10.05,0.0,0.0,994.9999999999999,0.0,0.0,-100.0
10.06,0.0,0.0,994.0,0.0,0.0,-100.0
10.07,0.0,0.0,993.0,0.0,0.0,-100.0
10.08,0.0,0.0,992.0,0.0,0.0,-100.0
10.09,0.0,0.0,991.0,0.0,0.0,-100.0
10.1,0.0,0.0,990.0,0.0,0.0,-100.0
10.11,0.0,0.0,989.0,0.0,0.0,-100.0
10.120000000000001,0.0,0.0,987.9999999999999,0.0,0.0,-100.0
10.13,0.0,0.0,986.9999999999999,0.0,0.0,-100.0
10.14,0.0,0.0,986.0,0.0,0.0,-100.0
10.15,0.0,0.0,985.0,0.0,0.0,-100.0
10.16,0.0,0.0,984.0,0.0,0.0,-100.0
10.17,0.0,0.0,983.0,0.0,0.0,-100.0
10.18,0.0,0.0,982.0,0.0,0.0,-100.0
10.19,0.0,0.0,981.0,0.0,0.0,-100.0
10.200000000000001,0.0,0.0,979.9999999999999,0.0,0.0,-100.0
10.21,0.0,0.0,978.9999999999999,0.0,0.0,-100.0
10.22,0.0,0.0,977.9999999999999,0.0,0.0,-100.0
10.23,0.0,0.0,977.0,0.0,0.0,-100.0
10.24,0.0,0.0,976.0,0.0,0.0,-100.0
10.25,0.0,0.0,975.0,0.0,0.0,-100.0
10.26,0.0,0.0,974.0,0.0,0.0,-100.0
10.27,0.0,0.0,973.0,0.0,0.0,-100.0
10.28,0.0,0.0,972.0000000000001,0.0,0.0,-100.0
10.290000000000001,0.0,0.0,970.9999999999999,0.0,0.0,-100.0
10.3,0.0,0.0,969.9999999999999,0.0,0.0,-100.0
10.31,0.0,0.0,969.0,0.0,0.0,-100.0
10.32,0.0,0.0,968.0,0.0,0.0,-100.0
10.33,0.0,0.0,967.0,0.0,0.0,-100.0
10.34,0.0,0.0,966.0,0.0,0.0,-100.0
10.35,0.0,0.0,965.0,0.0,0.0,-100.0
10.36,0.0,0.0,964.0,0.0,0.0,-100.0
10.370000000000001,0.0,0.0,962.9999999999999,0.0,0.0,-100.0
10.38,0.0,0.0,961.9999999999999,0.0,0.0,-100.0
10.39,0.0,0.0,961.0,0.0,0.0,-100.0
10.4,0.0,0.0,960.0,0.0,0.0,-100.0
10.41,0.0,0.0,959.0,0.0,0.0,-100.0
10.42,0.0,0.0,958.0,0.0,0.0,-100.0
10.43,0.0,0.0,957.0,0.0,0.0,-100.0
10.44,0.0,0.0,956.0,0.0,0.0,-100.0
10.450000000000001,0.0,0.0,954.9999999999999,0.0,0.0,-100.0
10.46,0.0,0.0,953.9999999999999,0.0,0.0,-100.0
10.47,0.0,0.0,952.9999999999999,0.0,0.0,-100.0
10.48,0.0,0.0,952.0,0.0,0.0,-100.0
10.49,0.0,0.0,951.0,0.0,0.0,-100.0
10.5,0.0,0.0,950.0,0.0,0.0,-100.0
10.51,0.0,0.0,949.0,0.0,0.0,-100.0
10.52,0.0,0.0,948.0,0.0,0.0,-100.0
10.53,0.0,0.0,947.0000000000001,0.0,0.0,-100.0
10.540000000000001,0.0,0.0,945.9999999999999,0.0,0.0,-100.0
10.55,0.0,0.0,944.9999999999999,0.0,0.0,-100.0
10.56,0.0,0.0,944.0,0.0,0.0,-100.0
10.57,0.0,0.0,943.0,0.0,0.0,-100.0
10.58,0.0,0.0,942.0,0.0,0.0,-100.0
10.59,0.0,0.0,941.0,0.0,0.0,-100.0
10.6,0.0,0.0,940.0,0.0,0.0,-100.0
10.61,0.0,0.0,939.0,0.0,0.0,-100.0
10.620000000000001,0.0,0.0,937.9999999999999,0.0,0.0,-100.0
10.63,0.0,0.0,936.9999999999999,0.0,0.0,-100.0
10.64,0.0,0.0,936.0,0.0,0.0,-100.0
10.65,0.0,0.0,935.0,0.0,0.0,-100.0
10.66,0.0,0.0,934.0,0.0,0.0,-100.0
10.67,0.0,0.0,933.0,0.0,0.0,-100.0
10.68,0.0,0.0,932.0,0.0,0.0,-100.0
10.69,0.0,0.0,931.0,0.0,0.0,-100.0
10.700000000000001,0.0,0.0,929.9999999999999,0.0,0.0,-100.0
10.71,0.0,0.0,928.9999999999999,0.0,0.0,-100.0
10.72,0.0,0.0,928.0,0.0,0.0,-100.0
10.73,0.0,0.0,927.0,0.0,0.0,-100.0
10.74,0.0,0.0,926.0,0.0,0.0,-100.0
10.75,0.0,0.0,925.0,0.0,0.0,-100.0
10.76,0.0,0.0,924.0,0.0,0.0,-100.0
10.77,0.0,0.0,923.0,0.0,0.0,-100.0
10.78,0.0,0.0,922.0,0.0,0.0,-100.0
10.790000000000001,0.0,0.0,920.9999999999999,0.0,0.0,-100.0
10.8,0.0,0.0,919.9999999999999,0.0,0.0,-100.0
10.81,0.0,0.0,919.0,0.0,0.0,-100.0
10.82,0.0,0.0,918.0,0.0,0.0,-100.0
10.83,0.0,0.0,917.0,0.0,0.0,-100.0
10.84,0.0,0.0,916.0,0.0,0.0,-100.0
10.85,0.0,0.0,915.0,0.0,0.0,-100.0
10.86,0.0,0.0,914.0,0.0,0.0,-100.0
10.870000000000001,0.0,0.0,912.9999999999999,0.0,0.0,-100.0
10.88,0.0,0.0,911.9999999999999,0.0,0.0,-100.0
10.89,0.0,0.0,911.0,0.0,0.0,-100.0
10.9,0.0,0.0,910.0,0.0,0.0,-100.0
10.91,0.0,0.0,909.0,0.0,0.0,-100.0
10.92,0.0,0.0,908.0,0.0,0.0,-100.0
10.93,0.0,0.0,907.0,0.0,0.0,-100.0
10.94,0.0,0.0,906.0,0.0,0.0,-100.0
10.950000000000001,0.0,0.0,904.9999999999999,0.0,0.0,-100.0
10.96,0.0,0.0,903.9999999999999,0.0,0.0,-100.0
10.97,0.0,0.0,903.0,0.0,0.0,-100.0
10.98,0.0,0.0,902.0,0.0,0.0,-100.0
10.99,0.0,0.0,901.0,0.0,0.0,-100.0
11.0,0.0,0.0,900.0,0.0,0.0,-100.0
11.01,0.0,0.0,899.0,0.0,0.0,-100.0
11.02,0.0,0.0,898.0,0.0,0.0,-100.0
11.03,0.0,0.0,897.0,0.0,0.0,-100.0
11.040000000000001,0.0,0.0,895.9999999999999,0.0,0.0,-100.0
11.05,0.0,0.0,894.9999999999999,0.0,0.0,-100.0
11.06,0.0,0.0,894.0,0.0,0.0,-100.0
11.07,0.0,0.0,893.0,0.0,0.0,-100.0
11.08,0.0,0.0,892.0,0.0,0.0,-100.0
11.09,0.0,0.0,891.0,0.0,0.0,-100.0
11.1,0.0,0.0,890.0,0.0,0.0,-100.0
11.11,0.0,0.0,889.0,0.0,0.0,-100.0
11.120000000000001,0.0,0.0,887.9999999999999,0.0,0.0,-100.0
11.13,0.0,0.0,886.9999999999999,0.0,0.0,-100.0
11.14,0.0,0.0,886.0,0.0,0.0,-100.0
11.15,0.0,0.0,885.0,0.0,0.0,-100.0
11.16,0.0,0.0,884.0,0.0,0.0,-100.0
11.17,0.0,0.0,883.0,0.0,0.0,-100.0
11.18,0.0,0.0,882.0,0.0,0.0,-100.0
11.19,0.0,0.0,881.0,0.0,0.0,-100.0
11.200000000000001,0.0,0.0,879.9999999999999,0.0,0.0,-100.0
11.21,0.0,0.0,878.9999999999999,0.0,0.0,-100.0
11.22,0.0,0.0,878.0,0.0,0.0,-100.0
11.23,0.0,0.0,877.0,0.0,0.0,-100.0
11.24,0.0,0.0,876.0,0.0,0.0,-100.0
11.25,0.0,0.0,875.0,0.0,0.0,-100.0
11.26,0.0,0.0,874.0,0.0,0.0,-100.0
11.27,0.0,0.0,873.0,0.0,0.0,-100.0
11.28,0.0,0.0,872.0,0.0,0.0,-100.0
11.290000000000001,0.0,0.0,870.9999999999999,0.0,0.0,-100.0
11.3,0.0,0.0,870.0,0.0,0.0,-100.0
11.31,0.0,0.0,869.0,0.0,0.0,-100.0
11.32,0.0,0.0,868.0,0.0,0.0,-100.0
11.33,0.0,0.0,867.0,0.0,0.0,-100.0
11.34,0.0,0.0,866.0,0.0,0.0,-100.0
11.35,0.0,0.0,865.0,0.0,0.0,-100.0
11.36,0.0,0.0,864.0,0.0,0.0,-100.0
11.370000000000001,0.0,0.0,862.9999999999999,0.0,0.0,-100.0
11.38,0.0,0.0,861.9999999999999,0.0,0.0,-100.0
11.39,0.0,0.0,861.0,0.0,0.0,-100.0
11.4,0.0,0.0,860.0,0.0,0.0,-100.0
11.41,0.0,0.0,859.0,0.0,0.0,-100.0
11.42,0.0,0.0,858.0,0.0,0.0,-100.0
11.43,0.0,0.0,857.0,0.0,0.0,-100.0
11.44,0.0,0.0,856.0,0.0,0.0,-100.0
11.450000000000001,0.0,0.0,854.9999999999999,0.0,0.0,-100.0
11.46,0.0,0.0,853.9999999999999,0.0,0.0,-100.0
11.47,0.0,0.0,853.0,0.0,0.0,-100.0
11.48,0.0,0.0,852.0,0.0,0.0,-100.0
11.49,0.0,0.0,851.0,0.0,0.0,-100.0
11.5,0.0,0.0,850.0,0.0,0.0,-100.0
11.51,0.0,0.0,849.0,0.0,0.0,-100.0
11.52,0.0,0.0,848.0,0.0,0.0,-100.0
11.53,0.0,0.0,847.0,0.0,0.0,-100.0
11.540000000000001,0.0,0.0,845.9999999999999,0.0,0.0,-100.0
11.55,0.0,0.0,845.0,0.0,0.0,-100.0
11.56,0.0,0.0,844.0,0.0,0.0,-100.0
11.57,0.0,0.0,843.0,0.0,0.0,-100.0
11.58,0.0,0.0,842.0,0.0,0.0,-100.0
11.59,0.0,0.0,841.0,0.0,0.0,-100.0
11.6,0.0,0.0,840.0,0.0,0.0,-100.0
11.61,0.0,0.0,839.0,0.0,0.0,-100.0
11.620000000000001,0.0,0.0,837.9999999999999,0.0,0.0,-100.0
11.63,0.0,0.0,836.9999999999999,0.0,0.0,-100.0
11.64,0.0,0.0,836.0,0.0,0.0,-100.0
11.65,0.0,0.0,835.0,0.0,0.0,-100.0
11.66,0.0,0.0,834.0,0.0,0.0,-100.0
11.67,0.0,0.0,833.0,0.0,0.0,-100.0
11.68,0.0,0.0,832.0,0.0,0.0,-100.0
11.69,0.0,0.0,831.0,0.0,0.0,-100.0
11.700000000000001,0.0,0.0,829.9999999999999,0.0,0.0,-100.0
11.71,0.0,0.0,828.9999999999999,0.0,0.0,-100.0
11.72,0.0,0.0,828.0,0.0,0.0,-100.0
11.73,0.0,0.0,827.0,0.0,0.0,-100.0
11.74,0.0,0.0,826.0,0.0,0.0,-100.0
11.75,0.0,0.0,825.0,0.0,0.0,-100.0
11.76,0.0,0.0,824.0,0.0,0.0,-100.0
11.77,0.0,0.0,823.0,0.0,0.0,-100.0
11.78,0.0,0.0,822.0,0.0,0.0,-100.0
11.790000000000001,0.0,0.0,820.9999999999999,0.0,0.0,-100.0
11.8,0.0,0.0,820.0,0.0,0.0,-100.0
11.81,0.0,0.0,819.0,0.0,0.0,-100.0
11.82,0.0,0.0,818.0,0.0,0.0,-100.0
11.83,0.0,0.0,817.0,0.0,0.0,-100.0
11.84,0.0,0.0,816.0,0.0,0.0,-100.0
11.85,0.0,0.0,815.0,0.0,0.0,-100.0
11.86,0.0,0.0,814.0,0.0,0.0,-100.0
11.870000000000001,0.0,0.0,812.9999999999999,0.0,0.0,-100.0
11.88,0.0,0.0,811.9999999999999,0.0,0.0,-100.0
11.89,0.0,0.0,811.0,0.0,0.0,-100.0
11.9,0.0,0.0,810.0,0.0,0.0,-100.0
11.91,0.0,0.0,809.0,0.0,0.0,-100.0
11.92,0.0,0.0,808.0,0.0,0.0,-100.0
11.93,0.0,0.0,807.0,0.0,0.0,-100.0
11.94,0.0,0.0,806.0,0.0,0.0,-100.0
11.950000000000001,0.0,0.0,804.9999999999999,0.0,0.0,-100.0
11.96,0.0,0.0,803.9999999999999,0.0,0.0,-100.0
11.97,0.0,0.0,803.0,0.0,0.0,-100.0
11.98,0.0,0.0,802.0,0.0,0.0,-100.0
11.99,0.0,0.0,801.0,0.0,0.0,-100.0
12.0,0.0,0.0,800.0,0.0,0.0,-100.0
12.01,0.0,0.0,799.0,0.0,0.0,-100.0
12.02,0.0,0.0,798.0,0.0,0.0,-100.0
12.030000000000001,0.0,0.0,796.9999999999999,0.0,0.0,-100.0
12.040000000000001,0.0,0.0,795.9999999999999,0.0,0.0,-100.0
12.05,0.0,0.0,795.0,0.0,0.0,-100.0
12.06,0.0,0.0,794.0,0.0,0.0,-100.0
12.07,0.0,0.0,793.0,0.0,0.0,-100.0
12.08,0.0,0.0,792.0,0.0,0.0,-100.0
12.09,0.0,0.0,791.0,0.0,0.0,-100.0
12.1,0.0,0.0,790.0,0.0,0.0,-100.0
12.11,0.0,0.0,789.0,0.0,0.0,-100.0
12.120000000000001,0.0,0.0,787.9999999999999,0.0,0.0,-100.0
12.13,0.0,0.0,786.9999999999999,0.0,0.0,-100.0
12.14,0.0,0.0,786.0,0.0,0.0,-100.0
12.15,0.0,0.0,785.0,0.0,0.0,-100.0
12.16,0.0,0.0,784.0,0.0,0.0,-100.0
12.17,0.0,0.0,783.0,0.0,0.0,-100.0
12.18,0.0,0.0,782.0,0.0,0.0,-100.0
12.19,0.0,0.0,781.0,0.0,0.0,-100.0
12.200000000000001,0.0,0.0,779.9999999999999,0.0,0.0,-100.0
12.21,0.0,0.0,778.9999999999999,0.0,0.0,-100.0
12.22,0.0,0.0,778.0,0.0,0.0,-100.0
12.23,0.0,0.0,777.0,0.0,0.0,-100.0
12.24,0.0,0.0,776.0,0.0,0.0,-100.0
12.25,0.0,0.0,775.0,0.0,0.0,-100.0
12.26,0.0,0.0,774.0,0.0,0.0,-100.0
12.27,0.0,0.0,773.0,0.0,0.0,-100.0
12.280000000000001,0.0,0.0,771.9999999999999,0.0,0.0,-100.0
12.290000000000001,0.0,0.0,770.9999999999999,0.0,0.0,-100.0
12.3,0.0,0.0,770.0,0.0,0.0,-100.0
12.31,0.0,0.0,769.0,0.0,0.0,-100.0
12.32,0.0,0.0,768.0,0.0,0.0,-100.0
12.33,0.0,0.0,767.0,0.0,0.0,-100.0
12.34,0.0,0.0,766.0,0.0,0.0,-100.0
12.35,0.0,0.0,765.0,0.0,0.0,-100.0
12.36,0.0,0.0,764.0,0.0,0.0,-100.0
12.370000000000001,0.0,0.0,762.9999999999999,0.0,0.0,-100.0
12.38,0.0,0.0,761.9999999999999,0.0,0.0,-100.0
12.39,0.0,0.0,761.0,0.0,0.0,-100.0
12.4,0.0,0.0,760.0,0.0,0.0,-100.0
12.41,0.0,0.0,759.0,0.0,0.0,-100.0
12.42,0.0,0.0,758.0,0.0,0.0,-100.0
12.43,0.0,0.0,757.0,0.0,0.0,-100.0
12.44,0.0,0.0,756.0,0.0,0.0,-100.0
12.450000000000001,0.0,0.0,754.9999999999999,0.0,0.0,-100.0
12.46,0.0,0.0,753.9999999999999,0.0,0.0,-100.0
12.47,0.0,0.0,753.0,0.0,0.0,-100.0
12.48,0.0,0.0,752.0,0.0,0.0,-100.0
12.49,0.0,0.0,751.0,0.0,0.0,-100.0
12.5,0.0,0.0,750.0,0.0,0.0,-100.0
12.51,0.0,0.0,749.0,0.0,0.0,-100.0
12.52,0.0,0.0,748.0,0.0,0.0,-100.0
12.530000000000001,0.0,0.0,746.9999999999999,0.0,0.0,-100.0
12.540000000000001,0.0,0.0,745.9999999999999,0.0,0.0,-100.0
12.55,0.0,0.0,745.0,0.0,0.0,-100.0
12.56,0.0,0.0,744.0,0.0,0.0,-100.0
12.57,0.0,0.0,743.0,0.0,0.0,-100.0
12.58,0.0,0.0,742.0,0.0,0.0,-100.0
12.59,0.0,0.0,741.0,0.0,0.0,-100.0
12.6,0.0,0.0,740.0,0.0,0.0,-100.0
12.61,0.0,0.0,739.0,0.0,0.0,-100.0
12.620000000000001,0.0,0.0,737.9999999999999,0.0,0.0,-100.0
12.63,0.0,0.0,737.0,0.0,0.0,-100.0
12.64,0.0,0.0,736.0,0.0,0.0,-100.0
12.65,0.0,0.0,735.0,0.0,0.0,-100.0
12.66,0.0,0.0,734.0,0.0,0.0,-100.0
12.67,0.0,0.0,733.0,0.0,0.0,-100.0
12.68,0.0,0.0,732.0,0.0,0.0,-100.0
12.69,0.0,0.0,731.0,0.0,0.0,-100.0
12.700000000000001,0.0,0.0,729.9999999999999,0.0,0.0,-100.0
12.71,0.0,0.0,728.9999999999999,0.0,0.0,-100.0
12.72,0.0,0.0,728.0,0.0,0.0,-100.0
12.73,0.0,0.0,727.0,0.0,0.0,-100.0
12.74,0.0,0.0,726.0,0.0,0.0,-100.0
12.75,0.0,0.0,725.0,0.0,0.0,-100.0
12.76,0.0,0.0,724.0,0.0,0.0,-100.0
12.77,0.0,0.0,723.0,0.0,0.0,-100.0
12.780000000000001,0.0,0.0,721.9999999999999,0.0,0.0,-100.0
12.790000000000001,0.0,0.0,720.9999999999999,0.0,0.0,-100.0
12.8,0.0,0.0,720.0,0.0,0.0,-100.0
12.81,0.0,0.0,719.0,0.0,0.0,-100.0
12.82,0.0,0.0,718.0,0.0,0.0,-100.0
12.83,0.0,0.0,717.0,0.0,0.0,-100.0
12.84,0.0,0.0,716.0,0.0,0.0,-100.0
12.85,0.0,0.0,715.0,0.0,0.0,-100.0
12.86,0.0,0.0,714.0,0.0,0.0,-100.0
12.870000000000001,0.0,0.0,712.9999999999999,0.0,0.0,-100.0
12.88,0.0,0.0,712.0,0.0,0.0,-100.0
12.89,0.0,0.0,711.0,0.0,0.0,-100.0
12.9,0.0,0.0,710.0,0.0,0.0,-100.0
12.91,0.0,0.0,709.0,0.0,0.0,-100.0
12.92,0.0,0.0,708.0,0.0,0.0,-100.0
12.93,0.0,0.0,707.0,0.0,0.0,-100.0
12.94,0.0,0.0,706.0,0.0,0.0,-100.0
12.950000000000001,0.0,0.0,704.9999999999999,0.0,0.0,-100.0
12.96,0.0,0.0,703.9999999999999,0.0,0.0,-100.0
12.97,0.0,0.0,703.0,0.0,0.0,-100.0
12.98,0.0,0.0,702.0,0.0,0.0,-100.0
12.99,0.0,0.0,701.0,0.0,0.0,-100.0
13.0,0.0,0.0,700.0,0.0,0.0,-100.0
13.01,0.0,0.0,699.0,0.0,0.0,-100.0
13.02,0.0,0.0,698.0,0.0,0.0,-100.0
13.030000000000001,0.0,0.0,696.9999999999999,0.0,0.0,-100.0
13.040000000000001,0.0,0.0,695.9999999999999,0.0,0.0,-100.0
13.05,0.0,0.0,695.0,0.0,0.0,-100.0
13.06,0.0,0.0,694.0,0.0,0.0,-100.0
13.07,0.0,0.0,693.0,0.0,0.0,-100.0
13.08,0.0,0.0,692.0,0.0,0.0,-100.0
13.09,0.0,0.0,691.0,0.0,0.0,-100.0
13.1,0.0,0.0,690.0,0.0,0.0,-100.0
13.11,0.0,0.0,689.0,0.0,0.0,-100.0
13.120000000000001,0.0,0.0,687.9999999999999,0.0,0.0,-100.0
13.13,0.0,0.0,687.0,0.0,0.0,-100.0
13.14,0.0,0.0,686.0,0.0,0.0,-100.0
13.15,0.0,0.0,685.0,0.0,0.0,-100.0
13.16,0.0,0.0,684.0,0.0,0.0,-100.0
13.17,0.0,0.0,683.0,0.0,0.0,-100.0
13.18,0.0,0.0,682.0,0.0,0.0,-100.0
13.19,0.0,0.0,681.0,0.0,0.0,-100.0
13.200000000000001,0.0,0.0,679.9999999999999,0.0,0.0,-100.0
13.21,0.0,0.0,678.9999999999999,0.0,0.0,-100.0
13.22,0.0,0.0,678.0,0.0,0.0,-100.0
13.23,0.0,0.0,677.0,0.0,0.0,-100.0
13.24,0.0,0.0,676.0,0.0,0.0,-100.0
13.25,0.0,0.0,675.0,0.0,0.0,-100.0
13.26,0.0,0.0,674.0,0.0,0.0,-100.0
13.27,0.0,0.0,673.0,0.0,0.0,-100.0
13.280000000000001,0.0,0.0,671.9999999999999,0.0,0.0,-100.0
13.290000000000001,0.0,0.0,670.9999999999999,0.0,0.0,-100.0
13.3,0.0,0.0,670.0,0.0,0.0,-100.0
13.31,0.0,0.0,669.0,0.0,0.0,-100.0
13.32,0.0,0.0,668.0,0.0,0.0,-100.0
13.33,0.0,0.0,667.0,0.0,0.0,-100.0
13.34,0.0,0.0,666.0,0.0,0.0,-100.0
13.35,0.0,0.0,665.0,0.0,0.0,-100.0
13.36,0.0,0.0,664.0,0.0,0.0,-100.0
13.370000000000001,0.0,0.0,662.9999999999999,0.0,0.0,-100.0
13.38,0.0,0.0,662.0,0.0,0.0,-100.0
13.39,0.0,0.0,661.0,0.0,0.0,-100.0
13.4,0.0,0.0,660.0,0.0,0.0,-100.0
13.41,0.0,0.0,659.0,0.0,0.0,-100.0
13.42,0.0,0.0,658.0,0.0,0.0,-100.0
13.43,0.0,0.0,657.0,0.0,0.0,-100.0
13.44,0.0,0.0,656.0,0.0,0.0,-100.0
13.450000000000001,0.0,0.0,654.9999999999999,0.0,0.0,-100.0
13.46,0.0,0.0,653.9999999999999,0.0,0.0,-100.0
13.47,0.0,0.0,653.0,0.0,0.0,-100.0
13.48,0.0,0.0,652.0,0.0,0.0,-100.0
13.49,0.0,0.0,651.0,0.0,0.0,-100.0
13.5,0.0,0.0,650.0,0.0,0.0,-100.0
13.51,0.0,0.0,649.0,0.0,0.0,-100.0
13.52,0.0,0.0,648.0,0.0,0.0,-100.0
13.530000000000001,0.0,0.0,646.9999999999999,0.0,0.0,-100.0
13.540000000000001,0.0,0.0,645.9999999999999,0.0,0.0,-100.0
13.55,0.0,0.0,645.0,0.0,0.0,-100.0
13.56,0.0,0.0,644.0,0.0,0.0,-100.0
13.57,0.0,0.0,643.0,0.0,0.0,-100.0
13.58,0.0,0.0,642.0,0.0,0.0,-100.0
13.59,0.0,0.0,641.0,0.0,0.0,-100.0
13.6,0.0,0.0,640.0,0.0,0.0,-100.0
13.61,0.0,0.0,639.0,0.0,0.0,-100.0
13.620000000000001,0.0,0.0,637.9999999999999,0.0,0.0,-100.0
13.63,0.0,0.0,637.0,0.0,0.0,-100.0
13.64,0.0,0.0,636.0,0.0,0.0,-100.0
13.65,0.0,0.0,635.0,0.0,0.0,-100.0
13.66,0.0,0.0,634.0,0.0,0.0,-100.0
13.67,0.0,0.0,633.0,0.0,0.0,-100.0
13.68,0.0,0.0,632.0,0.0,0.0,-100.0
13.69,0.0,0.0,631.0,0.0,0.0,-100.0
13.700000000000001,0.0,0.0,629.9999999999999,0.0,0.0,-100.0
13.71,0.0,0.0,628.9999999999999,0.0,0.0,-100.0
13.72,0.0,0.0,628.0,0.0,0.0,-100.0
13.73,0.0,0.0,627.0,0.0,0.0,-100.0
13.74,0.0,0.0,626.0,0.0,0.0,-100.0
13.75,0.0,0.0,625.0,0.0,0.0,-100.0
13.76,0.0,0.0,624.0,0.0,0.0,-100.0
13.77,0.0,0.0,623.0,0.0,0.0,-100.0
13.780000000000001,0.0,0.0,621.9999999999999,0.0,0.0,-100.0
13.790000000000001,0.0,0.0,620.9999999999999,0.0,0.0,-100.0
13.8,0.0,0.0,620.0,0.0,0.0,-100.0
13.81,0.0,0.0,619.0,0.0,0.0,-100.0
13.82,0.0,0.0,618.0,0.0,0.0,-100.0
13.83,0.0,0.0,617.0,0.0,0.0,-100.0
13.84,0.0,0.0,616.0,0.0,0.0,-100.0
13.85,0.0,0.0,615.0,0.0,0.0,-100.0
13.86,0.0,0.0,614.0,0.0,0.0,-100.0
13.870000000000001,0.0,0.0,612.9999999999999,0.0,0.0,-100.0
13.88,0.0,0.0,612.0,0.0,0.0,-100.0
13.89,0.0,0.0,611.0,0.0,0.0,-100.0
13.9,0.0,0.0,610.0,0.0,0.0,-100.0
13.91,0.0,0.0,609.0,0.0,0.0,-100.0
13.92,0.0,0.0,608.0,0.0,0.0,-100.0
13.93,0.0,0.0,607.0,0.0,0.0,-100.0
13.94,0.0,0.0,606.0,0.0,0.0,-100.0
13.950000000000001,0.0,0.0,604.9999999999999,0.0,0.0,-100.0
13.96,0.0,0.0,603.9999999999999,0.0,0.0,-100.0
13.97,0.0,0.0,603.0,0.0,0.0,-100.0
13.98,0.0,0.0,602.0,0.0,0.0,-100.0
13.99,0.0,0.0,601.0,0.0,0.0,-100.0
14.0,0.0,0.0,600.0,0.0,0.0,-100.0
14.01,0.0,0.0,599.0,0.0,0.0,-100.0
14.02,0.0,0.0,598.0,0.0,0.0,-100.0
14.030000000000001,0.0,0.0,596.9999999999999,0.0,0.0,-100.0
14.040000000000001,0.0,0.0,595.9999999999999,0.0,0.0,-100.0
14.05,0.0,0.0,595.0,0.0,0.0,-100.0
14.06,0.0,0.0,594.0,0.0,0.0,-100.0
14.07,0.0,0.0,593.0,0.0,0.0,-100.0
14.08,0.0,0.0,592.0,0.0,0.0,-100.0
14.09,0.0,0.0,591.0,0.0,0.0,-100.0
14.1,0.0,0.0,590.0,0.0,0.0,-100.0
14.11,0.0,0.0,589.0,0.0,0.0,-100.0
14.120000000000001,0.0,0.0,587.9999999999999,0.0,0.0,-100.0
14.13,0.0,0.0,587.0,0.0,0.0,-100.0
14.14,0.0,0.0,586.0,0.0,0.0,-100.0
14.15,0.0,0.0,585.0,0.0,0.0,-100.0
14.16,0.0,0.0,584.0,0.0,0.0,-100.0
14.17,0.0,0.0,583.0,0.0,0.0,-100.0
14.18,0.0,0.0,582.0,0.0,0.0,-100.0
14.19,0.0,0.0,581.0,0.0,0.0,-100.0
14.200000000000001,0.0,0.0,579.9999999999999,0.0,0.0,-100.0
14.21,0.0,0.0,578.9999999999999,0.0,0.0,-100.0
14.22,0.0,0.0,578.0,0.0,0.0,-100.0
14.23,0.0,0.0,577.0,0.0,0.0,-100.0
14.24,0.0,0.0,576.0,0.0,0.0,-100.0
14.25,0.0,0.0,575.0,0.0,0.0,-100.0
14.26,0.0,0.0,574.0,0.0,0.0,-100.0
14.27,0.0,0.0,573.0,0.0,0.0,-100.0
14.280000000000001,0.0,0.0,571.9999999999999,0.0,0.0,-100.0
14.290000000000001,0.0,0.0,570.9999999999999,0.0,0.0,-100.0
14.3,0.0,0.0,570.0,0.0,0.0,-100.0
14.31,0.0,0.0,569.0,0.0,0.0,-100.0
14.32,0.0,0.0,568.0,0.0,0.0,-100.0
14.33,0.0,0.0,567.0,0.0,0.0,-100.0
14.34,0.0,0.0,566.0,0.0,0.0,-100.0
14.35,0.0,0.0,565.0,0.0,0.0,-100.0
14.36,0.0,0.0,564.0,0.0,0.0,-100.0
14.370000000000001,0.0,0.0,562.9999999999999,0.0,0.0,-100.0
14.38,0.0,0.0,562.0,0.0,0.0,-100.0
14.39,0.0,0.0,561.0,0.0,0.0,-100.0
14.4,0.0,0.0,560.0,0.0,0.0,-100.0
14.41,0.0,0.0,559.0,0.0,0.0,-100.0
14.42,0.0,0.0,558.0,0.0,0.0,-100.0
14.43,0.0,0.0,557.0,0.0,0.0,-100.0
14.44,0.0,0.0,556.0,0.0,0.0,-100.0
14.450000000000001,0.0,0.0,554.9999999999999,0.0,0.0,-100.0
14.46,0.0,0.0,553.9999999999999,0.0,0.0,-100.0
14.47,0.0,0.0,553.0,0.0,0.0,-100.0
14.48,0.0,0.0,552.0,0.0,0.0,-100.0
14.49,0.0,0.0,551.0,0.0,0.0,-100.0
14.5,0.0,0.0,550.0,0.0,0.0,-100.0
14.51,0.0,0.0,549.0,0.0,0.0,-100.0
14.52,0.0,0.0,548.0,0.0,0.0,-100.0
14.530000000000001,0.0,0.0,546.9999999999999,0.0,0.0,-100.0
14.540000000000001,0.0,0.0,545.9999999999999,0.0,0.0,-100.0
14.55,0.0,0.0,545.0,0.0,0.0,-100.0
14.56,0.0,0.0,544.0,0.0,0.0,-100.0
14.57,0.0,0.0,543.0,0.0,0.0,-100.0
14.58,0.0,0.0,542.0,0.0,0.0,-100.0
14.59,0.0,0.0,541.0,0.0,0.0,-100.0
14.6,0.0,0.0,540.0,0.0,0.0,-100.0
14.61,0.0,0.0,539.0,0.0,0.0,-100.0
14.620000000000001,0.0,0.0,537.9999999999999,0.0,0.0,-100.0
14.63,0.0,0.0,537.0,0.0,0.0,-100.0
14.64,0.0,0.0,536.0,0.0,0.0,-100.0
14.65,0.0,0.0,535.0,0.0,0.0,-100.0
14.66,0.0,0.0,534.0,0.0,0.0,-100.0
14.67,0.0,0.0,533.0,0.0,0.0,-100.0
14.68,0.0,0.0,532.0,0.0,0.0,-100.0
14.69,0.0,0.0,531.0,0.0,0.0,-100.0
14.700000000000001,0.0,0.0,529.9999999999999,0.0,0.0,-100.0
14.71,0.0,0.0,528.9999999999999,0.0,0.0,-100.0
14.72,0.0,0.0,528.0,0.0,0.0,-100.0
14.73,0.0,0.0,527.0,0.0,0.0,-100.0
14.74,0.0,0.0,526.0,0.0,0.0,-100.0
14.75,0.0,0.0,525.0,0.0,0.0,-100.0
14.76,0.0,0.0,524.0,0.0,0.0,-100.0
14.77,0.0,0.0,523.0,0.0,0.0,-100.0
14.780000000000001,0.0,0.0,521.9999999999999,0.0,0.0,-100.0
14.790000000000001,0.0,0.0,520.9999999999999,0.0,0.0,-100.0
14.8,0.0,0.0,520.0,0.0,0.0,-100.0
14.81,0.0,0.0,519.0,0.0,0.0,-100.0
14.82,0.0,0.0,518.0,0.0,0.0,-100.0
14.83,0.0,0.0,517.0,0.0,0.0,-100.0
14.84,0.0,0.0,516.0,0.0,0.0,-100.0
14.85,0.0,0.0,515.0,0.0,0.0,-100.0
14.86,0.0,0.0,514.0,0.0,0.0,-100.0
14.870000000000001,0.0,0.0,512.9999999999999,0.0,0.0,-100.0
14.88,0.0,0.0,511.99999999999994,0.0,0.0,-100.0
14.89,0.0,0.0,510.99999999999994,0.0,0.0,-100.0
14.9,0.0,0.0,509.99999999999994,0.0,0.0,-100.0
14.91,0.0,0.0,509.0,0.0,0.0,-100.0
14.92,0.0,0.0,508.0,0.0,0.0,-100.0
14.93,0.0,0.0,507.0,0.0,0.0,-100.0
14.94,0.0,0.0,506.00000000000006,0.0,0.0,-100.0
14.950000000000001,0.0,0.0,504.9999999999999,0.0,0.0,-100.0
14.96,0.0,0.0,503.9999999999999,0.0,0.0,-100.0
14.97,0.0,0.0,502.99999999999994,0.0,0.0,-100.0
14.98,0.0,0.0,501.99999999999994,0.0,0.0,-100.0
14.99,0.0,0.0,501.0,0.0,0.0,-100.0
15.0,0.0,0.0,500.0,0.0,0.0,-100.0
15.01,0.0,0.0,499.0,0.0,0.0,-100.0
15.02,0.0,0.0,498.00000000000006,0.0,0.0,-100.0
15.030000000000001,0.0,0.0,496.9999999999999,0.0,0.0,-100.0
15.040000000000001,0.0,0.0,495.9999999999999,0.0,0.0,-100.0
15.05,0.0,0.0,494.99999999999994,0.0,0.0,-100.0
15.06,0.0,0.0,493.99999999999994,0.0,0.0,-100.0
15.07,0.0,0.0,493.0,0.0,0.0,-100.0
15.08,0.0,0.0,492.0,0.0,0.0,-100.0
15.09,0.0,0.0,491.0,0.0,0.0,-100.0
15.1,0.0,0.0,490.00000000000006,0.0,0.0,-100.0
15.11,0.0,0.0,489.00000000000006,0.0,0.0,-100.0
15.120000000000001,0.0,0.0,487.9999999999999,0.0,0.0,-100.0
15.13,0.0,0.0,486.9999999999999,0.0,0.0,-100.0
15.14,0.0,0.0,486.0,0.0,0.0,-100.0
15.15,0.0,0.0,485.0,0.0,0.0,-100.0
15.16,0.0,0.0,484.0,0.0,0.0,-100.0
15.17,0.0,0.0,483.0,0.0,0.0,-100.0
15.18,0.0,0.0,482.0,0.0,0.0,-100.0
15.19,0.0,0.0,481.0,0.0,0.0,-100.0
15.200000000000001,0.0,0.0,479.9999999999999,0.0,0.0,-100.0
15.21,0.0,0.0,478.9999999999999,0.0,0.0,-100.0
15.22,0.0,0.0,477.9999999999999,0.0,0.0,-100.0
15.23,0.0,0.0,477.0,0.0,0.0,-100.0
15.24,0.0,0.0,476.0,0.0,0.0,-100.0
15.25,0.0,0.0,475.0,0.0,0.0,-100.0
15.26,0.0,0.0,474.0,0.0,0.0,-100.0
15.27,0.0,0.0,473.0,0.0,0.0,-100.0
15.280000000000001,0.0,0.0,471.9999999999999,0.0,0.0,-100.0
15.290000000000001,0.0,0.0,470.9999999999999,0.0,0.0,-100.0
15.3,0.0,0.0,469.9999999999999,0.0,0.0,-100.0
15.31,0.0,0.0,469.0,0.0,0.0,-100.0
15.32,0.0,0.0,468.0,0.0,0.0,-100.0
15.33,0.0,0.0,467.0,0.0,0.0,-100.0
15.34,0.0,0.0,466.0,0.0,0.0,-100.0
15.35,0.0,0.0,465.0,0.0,0.0,-100.0
15.36,0.0,0.0,464.0,0.0,0.0,-100.0
15.370000000000001,0.0,0.0,462.9999999999999,0.0,0.0,-100.0
15.38,0.0,0.0,461.9999999999999,0.0,0.0,-100.0
15.39,0.0,0.0,461.0,0.0,0.0,-100.0
15.4,0.0,0.0,460.0,0.0,0.0,-100.0
15.41,0.0,0.0,459.0,0.0,0.0,-100.0
15.42,0.0,0.0,458.0,0.0,0.0,-100.0
15.43,0.0,0.0,457.0,0.0,0.0,-100.0
15.44,0.0,0.0,456.0,0.0,0.0,-100.0
15.450000000000001,0.0,0.0,454.9999999999999,0.0,0.0,-100.0
15.46,0.0,0.0,453.9999999999999,0.0,0.0,-100.0
15.47,0.0,0.0,452.9999999999999,0.0,0.0,-100.0
15.48,0.0,0.0,452.0,0.0,0.0,-100.0
15.49,0.0,0.0,451.0,0.0,0.0,-100.0
15.5,0.0,0.0,450.0,0.0,0.0,-100.0
15.51,0.0,0.0,449.0,0.0,0.0,-100.0
15.52,0.0,0.0,448.0,0.0,0.0,-100.0
15.530000000000001,0.0,0.0,446.9999999999999,0.0,0.0,-100.0
15.540000000000001,0.0,0.0,445.9999999999999,0.0,0.0,-100.0
15.55,0.0,0.0,444.9999999999999,0.0,0.0,-100.0
15.56,0.0,0.0,444.0,0.0,0.0,-100.0
15.57,0.0,0.0,443.0,0.0,0.0,-100.0
15.58,0.0,0.0,442.0,0.0,0.0,-100.0
15.59,0.0,0.0,441.0,0.0,0.0,-100.0
15.6,0.0,0.0,440.0,0.0,0.0,-100.0
15.610000000000001,0.0,0.0,438.9999999999999,0.0,0.0,-100.0
15.620000000000001,0.0,0.0,437.9999999999999,0.0,0.0,-100.0
15.63,0.0,0.0,436.9999999999999,0.0,0.0,-100.0
15.64,0.0,0.0,436.0,0.0,0.0,-100.0
15.65,0.0,0.0,435.0,0.0,0.0,-100.0
15.66,0.0,0.0,434.0,0.0,0.0,-100.0
15.67,0.0,0.0,433.0,0.0,0.0,-100.0
15.68,0.0,0.0,432.0,0.0,0.0,-100.0
15.69,0.0,0.0,431.0,0.0,0.0,-100.0
15.700000000000001,0.0,0.0,429.9999999999999,0.0,0.0,-100.0
15.71,0.0,0.0,428.9999999999999,0.0,0.0,-100.0
15.72,0.0,0.0,427.9999999999999,0.0,0.0,-100.0
15.73,0.0,0.0,427.0,0.0,0.0,-100.0
15.74,0.0,0.0,426.0,0.0,0.0,-100.0
15.75,0.0,0.0,425.0,0.0,0.0,-100.0
15.76,0.0,0.0,424.0,0.0,0.0,-100.0
15.77,0.0,0.0,423.0,0.0,0.0,-100.0
15.780000000000001,0.0,0.0,421.9999999999999,0.0,0.0,-100.0
15.790000000000001,0.0,0.0,420.9999999999999,0.0,0.0,-100.0
15.8,0.0,0.0,419.9999999999999,0.0,0.0,-100.0
15.81,0.0,0.0,419.0,0.0,0.0,-100.0
15.82,0.0,0.0,418.0,0.0,0.0,-100.0
15.83,0.0,0.0,417.0,0.0,0.0,-100.0
15.84,0.0,0.0,416.0,0.0,0.0,-100.0
15.85,0.0,0.0,415.0,0.0,0.0,-100.0
15.860000000000001,0.0,0.0,413.9999999999999,0.0,0.0,-100.0
15.870000000000001,0.0,0.0,412.9999999999999,0.0,0.0,-100.0
15.88,0.0,0.0,411.9999999999999,0.0,0.0,-100.0
15.89,0.0,0.0,411.0,0.0,0.0,-100.0
15.9,0.0,0.0,410.0,0.0,0.0,-100.0
15.91,0.0,0.0,409.0,0.0,0.0,-100.0
15.92,0.0,0.0,408.0,0.0,0.0,-100.0
15.93,0.0,0.0,407.0,0.0,0.0,-100.0
15.94,0.0,0.0,406.0,0.0,0.0,-100.0
15.950000000000001,0.0,0.0,404.9999999999999,0.0,0.0,-100.0
15.96,0.0,0.0,403.9999999999999,0.0,0.0,-100.0
15.97,0.0,0.0,402.9999999999999,0.0,0.0,-100.0
15.98,0.0,0.0,402.0,0.0,0.0,-100.0
15.99,0.0,0.0,401.0,0.0,0.0,-100.0
16.0,0.0,0.0,400.0,0.0,0.0,-100.0
16.01,0.0,0.0,398.9999999999999,0.0,0.0,-100.0
16.02,0.0,0.0,398.0,0.0,0.0,-100.0
16.03,0.0,0.0,396.9999999999999,0.0,0.0,-100.0
16.04,0.0,0.0,396.0000000000001,0.0,0.0,-100.0
16.05,0.0,0.0,394.9999999999999,0.0,0.0,-100.0
16.06,0.0,0.0,394.0000000000001,0.0,0.0,-100.0
16.07,0.0,0.0,393.0,0.0,0.0,-100.0
16.080000000000002,0.0,0.0,391.9999999999998,0.0,0.0,-100.0
16.09,0.0,0.0,391.0,0.0,0.0,-100.0
16.1,0.0,0.0,389.9999999999999,0.0,0.0,-100.0
16.11,0.0,0.0,389.0,0.0,0.0,-100.0
16.12,0.0,0.0,387.9999999999999,0.0,0.0,-100.0
16.13,0.0,0.0,387.0000000000001,0.0,0.0,-100.0
16.14,0.0,0.0,386.0,0.0,0.0,-100.0
16.15,0.0,0.0,385.0000000000001,0.0,0.0,-100.0
16.16,0.0,0.0,384.0,0.0,0.0,-100.0
16.17,0.0,0.0,382.9999999999998,0.0,0.0,-100.0
16.18,0.0,0.0,382.0,0.0,0.0,-100.0
16.19,0.0,0.0,380.9999999999999,0.0,0.0,-100.0
16.2,0.0,0.0,380.0000000000001,0.0,0.0,-100.0
16.21,0.0,0.0,378.9999999999999,0.0,0.0,-100.0
16.22,0.0,0.0,378.0000000000001,0.0,0.0,-100.0
16.23,0.0,0.0,377.0,0.0,0.0,-100.0
16.240000000000002,0.0,0.0,375.9999999999998,0.0,0.0,-100.0
16.25,0.0,0.0,375.0,0.0,0.0,-100.0
16.26,0.0,0.0,373.9999999999999,0.0,0.0,-100.0
16.27,0.0,0.0,373.0,0.0,0.0,-100.0
16.28,0.0,0.0,371.9999999999999,0.0,0.0,-100.0
16.29,0.0,0.0,371.0000000000001,0.0,0.0,-100.0
16.3,0.0,0.0,369.9999999999999,0.0,0.0,-100.0
16.31,0.0,0.0,369.0000000000001,0.0,0.0,-100.0
16.32,0.0,0.0,368.0,0.0,0.0,-100.0
16.330000000000002,0.0,0.0,366.9999999999998,0.0,0.0,-100.0
16.34,0.0,0.0,366.0,0.0,0.0,-100.0
16.35,0.0,0.0,364.9999999999999,0.0,0.0,-100.0
16.36,0.0,0.0,364.0,0.0,0.0,-100.0
16.37,0.0,0.0,362.9999999999999,0.0,0.0,-100.0
16.38,0.0,0.0,362.0000000000001,0.0,0.0,-100.0
16.39,0.0,0.0,361.0,0.0,0.0,-100.0
16.4,0.0,0.0,360.0000000000001,0.0,0.0,-100.0
16.41,0.0,0.0,359.0,0.0,0.0,-100.0
16.42,0.0,0.0,357.9999999999998,0.0,0.0,-100.0
16.43,0.0,0.0,357.0,0.0,0.0,-100.0
16.44,0.0,0.0,355.9999999999999,0.0,0.0,-100.0
16.45,0.0,0.0,355.0000000000001,0.0,0.0,-100.0
16.46,0.0,0.0,353.9999999999999,0.0,0.0,-100.0
16.47,0.0,0.0,353.0000000000001,0.0,0.0,-100.0
16.48,0.0,0.0,352.0,0.0,0.0,-100.0
16.490000000000002,0.0,0.0,350.9999999999998,0.0,0.0,-100.0
16.5,0.0,0.0,350.0,0.0,0.0,-100.0
16.51,0.0,0.0,348.9999999999999,0.0,0.0,-100.0
16.52,0.0,0.0,348.0,0.0,0.0,-100.0
16.53,0.0,0.0,346.9999999999999,0.0,0.0,-100.0
16.54,0.0,0.0,346.0000000000001,0.0,0.0,-100.0
16.55,0.0,0.0,344.9999999999999,0.0,0.0,-100.0
16.56,0.0,0.0,344.0000000000001,0.0,0.0,-100.0
16.57,0.0,0.0,343.0,0.0,0.0,-100.0
16.580000000000002,0.0,0.0,341.9999999999998,0.0,0.0,-100.0
16.59,0.0,0.0,341.0,0.0,0.0,-100.0
16.6,0.0,0.0,339.9999999999999,0.0,0.0,-100.0
16.61,0.0,0.0,339.0,0.0,0.0,-100.0
16.62,0.0,0.0,337.9999999999999,0.0,0.0,-100.0
16.63,0.0,0.0,337.0000000000001,0.0,0.0,-100.0
16.64,0.0,0.0,336.0,0.0,0.0,-100.0
16.65,0.0,0.0,335.0000000000001,0.0,0.0,-100.0
16.66,0.0,0.0,334.0,0.0,0.0,-100.0
16.67,0.0,0.0,332.9999999999998,0.0,0.0,-100.0
16.68,0.0,0.0,332.0,0.0,0.0,-100.0
16.69,0.0,0.0,330.9999999999999,0.0,0.0,-100.0
16.7,0.0,0.0,330.0000000000001,0.0,0.0,-100.0
16.71,0.0,0.0,328.9999999999999,0.0,0.0,-100.0
16.72,0.0,0.0,328.0000000000001,0.0,0.0,-100.0
16.73,0.0,0.0,327.0,0.0,0.0,-100.0
16.740000000000002,0.0,0.0,325.9999999999998,0.0,0.0,-100.0
16.75,0.0,0.0,325.0,0.0,0.0,-100.0
16.76,0.0,0.0,323.9999999999999,0.0,0.0,-100.0
16.77,0.0,0.0,323.0,0.0,0.0,-100.0
16.78,0.0,0.0,321.9999999999999,0.0,0.0,-100.0
16.79,0.0,0.0,321.0000000000001,0.0,0.0,-100.0
16.8,0.0,0.0,319.9999999999999,0.0,0.0,-100.0
16.81,0.0,0.0,319.0000000000001,0.0,0.0,-100.0
16.82,0.0,0.0,318.0,0.0,0.0,-100.0
16.830000000000002,0.0,0.0,316.9999999999998,0.0,0.0,-100.0
16.84,0.0,0.0,316.0,0.0,0.0,-100.0
16.85,0.0,0.0,314.9999999999999,0.0,0.0,-100.0
16.86,0.0,0.0,314.0,0.0,0.0,-100.0
16.87,0.0,0.0,312.9999999999999,0.0,0.0,-100.0
16.88,0.0,0.0,312.0000000000001,0.0,0.0,-100.0
16.89,0.0,0.0,311.0,0.0,0.0,-100.0
16.9,0.0,0.0,310.0000000000001,0.0,0.0,-100.0
16.91,0.0,0.0,309.0,0.0,0.0,-100.0
16.92,0.0,0.0,307.9999999999998,0.0,0.0,-100.0
16.93,0.0,0.0,307.0,0.0,0.0,-100.0
16.94,0.0,0.0,305.9999999999999,0.0,0.0,-100.0
16.95,0.0,0.0,305.0000000000001,0.0,0.0,-100.0
16.96,0.0,0.0,303.9999999999999,0.0,0.0,-100.0
16.97,0.0,0.0,303.0000000000001,0.0,0.0,-100.0
16.98,0.0,0.0,302.0,0.0,0.0,-100.0
16.990000000000002,0.0,0.0,300.9999999999998,0.0,0.0,-100.0
17.0,0.0,0.0,300.0,0.0,0.0,-100.0
17.01,0.0,0.0,298.9999999999999,0.0,0.0,-100.0
17.02,0.0,0.0,298.0,0.0,0.0,-100.0
17.03,0.0,0.0,296.9999999999999,0.0,0.0,-100.0
17.04,0.0,0.0,296.0000000000001,0.0,0.0,-100.0
17.05,0.0,0.0,294.9999999999999,0.0,0.0,-100.0
17.06,0.0,0.0,294.0000000000001,0.0,0.0,-100.0
17.07,0.0,0.0,293.0,0.0,0.0,-100.0
17.080000000000002,0.0,0.0,291.9999999999998,0.0,0.0,-100.0
17.09,0.0,0.0,291.0,0.0,0.0,-100.0
17.1,0.0,0.0,289.9999999999999,0.0,0.0,-100.0
17.11,0.0,0.0,289.0,0.0,0.0,-100.0
17.12,0.0,0.0,287.9999999999999,0.0,0.0,-100.0
17.13,0.0,0.0,287.0000000000001,0.0,0.0,-100.0
17.14,0.0,0.0,286.0,0.0,0.0,-100.0
17.150000000000002,0.0,0.0,284.9999999999998,0.0,0.0,-100.0
17.16,0.0,0.0,284.0,0.0,0.0,-100.0
17.17,0.0,0.0,282.9999999999998,0.0,0.0,-100.0
17.18,0.0,0.0,282.0,0.0,0.0,-100.0
17.19,0.0,0.0,280.9999999999999,0.0,0.0,-100.0
17.2,0.0,0.0,280.0000000000001,0.0,0.0,-100.0
17.21,0.0,0.0,278.9999999999999,0.0,0.0,-100.0
17.22,0.0,0.0,278.0000000000001,0.0,0.0,-100.0
17.23,0.0,0.0,277.0,0.0,0.0,-100.0
17.240000000000002,0.0,0.0,275.9999999999998,0.0,0.0,-100.0
17.25,0.0,0.0,275.0,0.0,0.0,-100.0
17.26,0.0,0.0,273.9999999999999,0.0,0.0,-100.0
17.27,0.0,0.0,273.0,0.0,0.0,-100.0
17.28,0.0,0.0,271.9999999999999,0.0,0.0,-100.0
17.29,0.0,0.0,271.0000000000001,0.0,0.0,-100.0
17.3,0.0,0.0,269.9999999999999,0.0,0.0,-100.0
17.31,0.0,0.0,269.0000000000001,0.0,0.0,-100.0
17.32,0.0,0.0,268.0,0.0,0.0,-100.0
17.330000000000002,0.0,0.0,266.9999999999998,0.0,0.0,-100.0
17.34,0.0,0.0,266.0,0.0,0.0,-100.0
17.35,0.0,0.0,264.9999999999999,0.0,0.0,-100.0
17.36,0.0,0.0,264.0,0.0,0.0,-100.0
17.37,0.0,0.0,262.9999999999999,0.0,0.0,-100.0
17.38,0.0,0.0,262.0000000000001,0.0,0.0,-100.0
17.39,0.0,0.0,261.0,0.0,0.0,-100.0
17.400000000000002,0.0,0.0,259.9999999999998,0.0,0.0,-100.0
17.41,0.0,0.0,259.0,0.0,0.0,-100.0
17.42,0.0,0.0,257.9999999999998,0.0,0.0,-100.0
17.43,0.0,0.0,257.0,0.0,0.0,-100.0
17.44,0.0,0.0,255.9999999999999,0.0,0.0,-100.0
17.45,0.0,0.0,255.0000000000001,0.0,0.0,-100.0
17.46,0.0,0.0,253.9999999999999,0.0,0.0,-100.0
17.47,0.0,0.0,253.0000000000001,0.0,0.0,-100.0
17.48,0.0,0.0,252.0,0.0,0.0,-100.0
17.490000000000002,0.0,0.0,250.99999999999977,0.0,0.0,-100.0
17.5,0.0,0.0,250.0,0.0,0.0,-100.0
17.51,0.0,0.0,248.9999999999999,0.0,0.0,-100.0
17.52,0.0,0.0,248.0,0.0,0.0,-100.0
17.53,0.0,0.0,246.9999999999999,0.0,0.0,-100.0
17.54,0.0,0.0,246.0000000000001,0.0,0.0,-100.0
17.55,0.0,0.0,244.9999999999999,0.0,0.0,-100.0
17.56,0.0,0.0,244.0000000000001,0.0,0.0,-100.0
17.57,0.0,0.0,243.0,0.0,0.0,-100.0
17.580000000000002,0.0,0.0,241.99999999999977,0.0,0.0,-100.0
17.59,0.0,0.0,241.0,0.0,0.0,-100.0
17.6,0.0,0.0,239.9999999999999,0.0,0.0,-100.0
17.61,0.0,0.0,239.0,0.0,0.0,-100.0
17.62,0.0,0.0,237.9999999999999,0.0,0.0,-100.0
17.63,0.0,0.0,237.0000000000001,0.0,0.0,-100.0
17.64,0.0,0.0,236.0,0.0,0.0,-100.0
17.650000000000002,0.0,0.0,234.99999999999977,0.0,0.0,-100.0
17.66,0.0,0.0,234.0,0.0,0.0,-100.0
17.67,0.0,0.0,232.99999999999977,0.0,0.0,-100.0
17.68,0.0,0.0,232.0,0.0,0.0,-100.0
17.69,0.0,0.0,230.9999999999999,0.0,0.0,-100.0
17.7,0.0,0.0,230.0000000000001,0.0,0.0,-100.0
17.71,0.0,0.0,228.9999999999999,0.0,0.0,-100.0
17.72,0.0,0.0,228.0000000000001,0.0,0.0,-100.0
17.73,0.0,0.0,227.0,0.0,0.0,-100.0
17.740000000000002,0.0,0.0,225.99999999999977,0.0,0.0,-100.0
17.75,0.0,0.0,225.0,0.0,0.0,-100.0
17.76,0.0,0.0,223.9999999999999,0.0,0.0,-100.0
17.77,0.0,0.0,223.0,0.0,0.0,-100.0
17.78,0.0,0.0,221.9999999999999,0.0,0.0,-100.0
17.79,0.0,0.0,221.0000000000001,0.0,0.0,-100.0
17.8,0.0,0.0,219.9999999999999,0.0,0.0,-100.0
17.81,0.0,0.0,219.0000000000001,0.0,0.0,-100.0
17.82,0.0,0.0,218.0,0.0,0.0,-100.0
17.830000000000002,0.0,0.0,216.99999999999977,0.0,0.0,-100.0
17.84,0.0,0.0,216.0,0.0,0.0,-100.0
17.85,0.0,0.0,214.9999999999999,0.0,0.0,-100.0
17.86,0.0,0.0,214.0,0.0,0.0,-100.0
17.87,0.0,0.0,212.9999999999999,0.0,0.0,-100.0
17.88,0.0,0.0,212.0000000000001,0.0,0.0,-100.0
17.89,0.0,0.0,211.0,0.0,0.0,-100.0
17.900000000000002,0.0,0.0,209.99999999999977,0.0,0.0,-100.0
17.91,0.0,0.0,209.0,0.0,0.0,-100.0
17.92,0.0,0.0,207.99999999999977,0.0,0.0,-100.0
17.93,0.0,0.0,207.0,0.0,0.0,-100.0
17.94,0.0,0.0,205.9999999999999,0.0,0.0,-100.0
17.95,0.0,0.0,205.0000000000001,0.0,0.0,-100.0
17.96,0.0,0.0,203.9999999999999,0.0,0.0,-100.0
17.97,0.0,0.0,203.0000000000001,0.0,0.0,-100.0
17.98,0.0,0.0,202.0,0.0,0.0,-100.0
17.990000000000002,0.0,0.0,200.99999999999977,0.0,0.0,-100.0
18.0,0.0,0.0,200.0,0.0,0.0,-100.0
18.01,0.0,0.0,198.9999999999999,0.0,0.0,-100.0
18.02,0.0,0.0,198.0,0.0,0.0,-100.0
18.03,0.0,0.0,196.9999999999999,0.0,0.0,-100.0
18.04,0.0,0.0,196.0000000000001,0.0,0.0,-100.0
18.05,0.0,0.0,194.9999999999999,0.0,0.0,-100.0
18.06,0.0,0.0,194.0000000000001,0.0,0.0,-100.0
18.07,0.0,0.0,193.0,0.0,0.0,-100.0
18.080000000000002,0.0,0.0,191.99999999999977,0.0,0.0,-100.0
18.09,0.0,0.0,191.0,0.0,0.0,-100.0
18.1,0.0,0.0,189.9999999999999,0.0,0.0,-100.0
18.11,0.0,0.0,189.0,0.0,0.0,-100.0
18.12,0.0,0.0,187.9999999999999,0.0,0.0,-100.0
18.13,0.0,0.0,187.0000000000001,0.0,0.0,-100.0
18.14,0.0,0.0,186.0,0.0,0.0,-100.0
18.150000000000002,0.0,0.0,184.99999999999977,0.0,0.0,-100.0
18.16,0.0,0.0,184.0,0.0,0.0,-100.0
18.17,0.0,0.0,182.99999999999977,0.0,0.0,-100.0
18.18,0.0,0.0,182.0,0.0,0.0,-100.0
18.19,0.0,0.0,180.9999999999999,0.0,0.0,-100.0
18.2,0.0,0.0,180.0000000000001,0.0,0.0,-100.0
18.21,0.0,0.0,178.9999999999999,0.0,0.0,-100.0
18.22,0.0,0.0,178.0000000000001,0.0,0.0,-100.0
18.23,0.0,0.0,177.0,0.0,0.0,-100.0
18.240000000000002,0.0,0.0,175.99999999999977,0.0,0.0,-100.0
18.25,0.0,0.0,175.0,0.0,0.0,-100.0
18.26,0.0,0.0,173.9999999999999,0.0,0.0,-100.0
18.27,0.0,0.0,173.0,0.0,0.0,-100.0
18.28,0.0,0.0,171.9999999999999,0.0,0.0,-100.0
18.29,0.0,0.0,171.0000000000001,0.0,0.0,-100.0
18.3,0.0,0.0,169.9999999999999,0.0,0.0,-100.0
18.31,0.0,0.0,169.0000000000001,0.0,0.0,-100.0
18.32,0.0,0.0,168.0,0.0,0.0,-100.0
18.330000000000002,0.0,0.0,166.99999999999977,0.0,0.0,-100.0
18.34,0.0,0.0,166.0,0.0,0.0,-100.0
18.35,0.0,0.0,164.9999999999999,0.0,0.0,-100.0
18.36,0.0,0.0,164.0,0.0,0.0,-100.0
18.37,0.0,0.0,162.9999999999999,0.0,0.0,-100.0
18.38,0.0,0.0,162.0000000000001,0.0,0.0,-100.0
18.39,0.0,0.0,161.0,0.0,0.0,-100.0
18.400000000000002,0.0,0.0,159.99999999999977,0.0,0.0,-100.0
18.41,0.0,0.0,159.0,0.0,0.0,-100.0
18.42,0.0,0.0,157.99999999999977,0.0,0.0,-100.0
18.43,0.0,0.0,157.0,0.0,0.0,-100.0
18.44,0.0,0.0,155.9999999999999,0.0,0.0,-100.0
18.45,0.0,0.0,155.0000000000001,0.0,0.0,-100.0
18.46,0.0,0.0,153.9999999999999,0.0,0.0,-100.0
18.47,0.0,0.0,153.0000000000001,0.0,0.0,-100.0
18.48,0.0,0.0,152.0,0.0,0.0,-100.0
18.490000000000002,0.0,0.0,150.99999999999977,0.0,0.0,-100.0
18.5,0.0,0.0,150.0,0.0,0.0,-100.0
18.51,0.0,0.0,148.9999999999999,0.0,0.0,-100.0
18.52,0.0,0.0,148.0,0.0,0.0,-100.0
18.53,0.0,0.0,146.9999999999999,0.0,0.0,-100.0
18.54,0.0,0.0,146.0000000000001,0.0,0.0,-100.0
18.55,0.0,0.0,144.9999999999999,0.0,0.0,-100.0
18.56,0.0,0.0,144.0000000000001,0.0,0.0,-100.0
18.57,0.0,0.0,143.0,0.0,0.0,-100.0
18.580000000000002,0.0,0.0,141.99999999999977,0.0,0.0,-100.0
18.59,0.0,0.0,141.0,0.0,0.0,-100.0
18.6,0.0,0.0,139.9999999999999,0.0,0.0,-100.0
18.61,0.0,0.0,139.0,0.0,0.0,-100.0
18.62,0.0,0.0,137.9999999999999,0.0,0.0,-100.0
18.63,0.0,0.0,137.0000000000001,0.0,0.0,-100.0
18.64,0.0,0.0,136.0,0.0,0.0,-100.0
18.650000000000002,0.0,0.0,134.99999999999977,0.0,0.0,-100.0
18.66,0.0,0.0,134.0,0.0,0.0,-100.0
18.67,0.0,0.0,132.99999999999977,0.0,0.0,-100.0
18.68,0.0,0.0,132.0,0.0,0.0,-100.0
18.69,0.0,0.0,130.9999999999999,0.0,0.0,-100.0
18.7,0.0,0.0,130.0000000000001,0.0,0.0,-100.0
18.71,0.0,0.0,128.9999999999999,0.0,0.0,-100.0
18.72,0.0,0.0,128.0000000000001,0.0,0.0,-100.0
18.73,0.0,0.0,127.0,0.0,0.0,-100.0
18.740000000000002,0.0,0.0,125.99999999999977,0.0,0.0,-100.0
18.75,0.0,0.0,125.0,0.0,0.0,-100.0
18.76,0.0,0.0,123.99999999999989,0.0,0.0,-100.0
18.77,0.0,0.0,123.0,0.0,0.0,-100.0
18.78,0.0,0.0,121.99999999999989,0.0,0.0,-100.0
18.79,0.0,0.0,121.00000000000011,0.0,0.0,-100.0
18.8,0.0,0.0,119.99999999999989,0.0,0.0,-100.0
18.81,0.0,0.0,119.00000000000011,0.0,0.0,-100.0
18.82,0.0,0.0,118.0,0.0,0.0,-100.0
18.830000000000002,0.0,0.0,116.99999999999977,0.0,0.0,-100.0
18.84,0.0,0.0,116.0,0.0,0.0,-100.0
18.85,0.0,0.0,114.99999999999989,0.0,0.0,-100.0
18.86,0.0,0.0,114.0,0.0,0.0,-100.0
18.87,0.0,0.0,112.99999999999989,0.0,0.0,-100.0
18.88,0.0,0.0,112.00000000000011,0.0,0.0,-100.0
18.89,0.0,0.0,111.0,0.0,0.0,-100.0
18.900000000000002,0.0,0.0,109.99999999999977,0.0,0.0,-100.0
18.91,0.0,0.0,109.0,0.0,0.0,-100.0
18.92,0.0,0.0,107.99999999999977,0.0,0.0,-100.0
18.93,0.0,0.0,107.0,0.0,0.0,-100.0
18.94,0.0,0.0,105.99999999999989,0.0,0.0,-100.0
18.95,0.0,0.0,105.00000000000011,0.0,0.0,-100.0
18.96,0.0,0.0,103.99999999999989,0.0,0.0,-100.0
18.97,0.0,0.0,103.00000000000011,0.0,0.0,-100.0
18.98,0.0,0.0,102.0,0.0,0.0,-100.0
18.990000000000002,0.0,0.0,100.99999999999977,0.0,0.0,-100.0
19.0,0.0,0.0,100.0,0.0,0.0,-100.0
19.01,0.0,0.0,98.99999999999989,0.0,0.0,-100.0
19.02,0.0,0.0,98.0,0.0,0.0,-100.0
19.03,0.0,0.0,96.99999999999989,0.0,0.0,-100.0
19.04,0.0,0.0,96.00000000000011,0.0,0.0,-100.0
19.05,0.0,0.0,94.99999999999989,0.0,0.0,-100.0
19.06,0.0,0.0,94.00000000000011,0.0,0.0,-100.0
19.07,0.0,0.0,93.0,0.0,0.0,-100.0
19.080000000000002,0.0,0.0,91.99999999999977,0.0,0.0,-100.0
19.09,0.0,0.0,91.0,0.0,0.0,-100.0
19.1,0.0,0.0,89.99999999999989,0.0,0.0,-100.0
19.11,0.0,0.0,89.0,0.0,0.0,-100.0
19.12,0.0,0.0,87.99999999999989,0.0,0.0,-100.0
19.13,0.0,0.0,87.00000000000011,0.0,0.0,-100.0
19.14,0.0,0.0,86.0,0.0,0.0,-100.0
19.150000000000002,0.0,0.0,84.99999999999977,0.0,0.0,-100.0
19.16,0.0,0.0,84.0,0.0,0.0,-100.0
19.17,0.0,0.0,82.99999999999977,0.0,0.0,-100.0
19.18,0.0,0.0,82.0,0.0,0.0,-100.0
19.19,0.0,0.0,80.99999999999989,0.0,0.0,-100.0
19.2,0.0,0.0,80.00000000000011,0.0,0.0,-100.0
19.21,0.0,0.0,78.99999999999989,0.0,0.0,-100.0
19.22,0.0,0.0,78.00000000000011,0.0,0.0,-100.0
19.23,0.0,0.0,77.0,0.0,0.0,-100.0
19.240000000000002,0.0,0.0,75.99999999999977,0.0,0.0,-100.0
19.25,0.0,0.0,75.0,0.0,0.0,-100.0
19.26,0.0,0.0,73.99999999999989,0.0,0.0,-100.0
19.27,0.0,0.0,73.0,0.0,0.0,-100.0
19.28,0.0,0.0,71.99999999999989,0.0,0.0,-100.0
19.29,0.0,0.0,71.00000000000011,0.0,0.0,-100.0
19.3,0.0,0.0,69.99999999999989,0.0,0.0,-100.0
19.31,0.0,0.0,69.00000000000011,0.0,0.0,-100.0
19.32,0.0,0.0,68.0,0.0,0.0,-100.0
19.330000000000002,0.0,0.0,66.99999999999977,0.0,0.0,-100.0
19.34,0.0,0.0,66.0,0.0,0.0,-100.0
19.35,0.0,0.0,64.99999999999989,0.0,0.0,-100.0
19.36,0.0,0.0,64.0,0.0,0.0,-100.0
19.37,0.0,0.0,62.999999999999886,0.0,0.0,-100.0
19.38,0.0,0.0,62.000000000000114,0.0,0.0,-100.0
19.39,0.0,0.0,61.0,0.0,0.0,-100.0
19.400000000000002,0.0,0.0,59.99999999999977,0.0,0.0,-100.0
19.41,0.0,0.0,59.0,0.0,0.0,-100.0
19.42,0.0,0.0,57.99999999999977,0.0,0.0,-100.0
19.43,0.0,0.0,57.0,0.0,0.0,-100.0
19.44,0.0,0.0,55.999999999999886,0.0,0.0,-100.0
19.45,0.0,0.0,55.000000000000114,0.0,0.0,-100.0
19.46,0.0,0.0,53.999999999999886,0.0,0.0,-100.0
19.47,0.0,0.0,53.000000000000114,0.0,0.0,-100.0
19.48,0.0,0.0,52.0,0.0,0.0,-100.0
19.490000000000002,0.0,0.0,50.99999999999977,0.0,0.0,-100.0
19.5,0.0,0.0,50.0,0.0,0.0,-100.0
19.51,0.0,0.0,48.999999999999886,0.0,0.0,-100.0
19.52,0.0,0.0,48.0,0.0,0.0,-100.0
19.53,0.0,0.0,46.999999999999886,0.0,0.0,-100.0
19.54,0.0,0.0,46.000000000000114,0.0,0.0,-100.0
19.55,0.0,0.0,44.999999999999886,0.0,0.0,-100.0
19.56,0.0,0.0,44.000000000000114,0.0,0.0,-100.0
19.57,0.0,0.0,43.0,0.0,0.0,-100.0
19.580000000000002,0.0,0.0,41.99999999999977,0.0,0.0,-100.0
19.59,0.0,0.0,41.0,0.0,0.0,-100.0
19.6,0.0,0.0,39.999999999999886,0.0,0.0,-100.0
19.61,0.0,0.0,39.0,0.0,0.0,-100.0
19.62,0.0,0.0,37.999999999999886,0.0,0.0,-100.0
19.63,0.0,0.0,37.000000000000114,0.0,0.0,-100.0
19.64,0.0,0.0,36.0,0.0,0.0,-100.0
19.650000000000002,0.0,0.0,34.99999999999977,0.0,0.0,-100.0
19.66,0.0,0.0,34.0,0.0,0.0,-100.0
19.67,0.0,0.0,32.99999999999977,0.0,0.0,-100.0
19.68,0.0,0.0,32.0,0.0,0.0,-100.0
19.69,0.0,0.0,30.999999999999886,0.0,0.0,-100.0
19.7,0.0,0.0,30.000000000000114,0.0,0.0,-100.0
19.71,0.0,0.0,28.999999999999886,0.0,0.0,-100.0
19.72,0.0,0.0,28.000000000000114,0.0,0.0,-100.0
19.73,0.0,0.0,27.0,0.0,0.0,-100.0
19.740000000000002,0.0,0.0,25.999999999999773,0.0,0.0,-100.0
19.75,0.0,0.0,25.0,0.0,0.0,-100.0
19.76,0.0,0.0,23.999999999999886,0.0,0.0,-100.0
19.77,0.0,0.0,23.0,0.0,0.0,-100.0
19.78,0.0,0.0,21.999999999999886,0.0,0.0,-100.0
19.79,0.0,0.0,21.000000000000114,0.0,0.0,-100.0
19.8,0.0,0.0,19.999999999999886,0.0,0.0,-100.0
19.81,0.0,0.0,19.000000000000114,0.0,0.0,-100.0
19.82,0.0,0.0,18.0,0.0,0.0,-100.0
19.830000000000002,0.0,0.0,16.999999999999773,0.0,0.0,-100.0
19.84,0.0,0.0,16.0,0.0,0.0,-100.0
19.85,0.0,0.0,14.999999999999886,0.0,0.0,-100.0
19.86,0.0,0.0,14.0,0.0,0.0,-100.0
19.87,0.0,0.0,12.999999999999886,0.0,0.0,-100.0
19.88,0.0,0.0,12.000000000000114,0.0,0.0,-100.0
19.89,0.0,0.0,11.0,0.0,0.0,-100.0
19.900000000000002,0.0,0.0,9.999999999999773,0.0,0.0,-100.0
19.91,0.0,0.0,9.0,0.0,0.0,-100.0
19.92,0.0,0.0,7.999999999999773,0.0,0.0,-100.0
19.93,0.0,0.0,7.0,0.0,0.0,-100.0
19.94,0.0,0.0,5.999999999999886,0.0,0.0,-100.0
19.95,0.0,0.0,5.000000000000114,0.0,0.0,-100.0
19.96,0.0,0.0,3.9999999999998863,0.0,0.0,-100.0
19.97,0.0,0.0,3.0000000000001137,0.0,0.0,-100.0
19.98,0.0,0.0,2.0,0.0,0.0,-100.0
19.990000000000002,0.0,0.0,0.9999999999997726,0.0,0.0,-100.0
20.0,0.0,0.0,0.0,0.0,0.0,-100.0
20.01,0.0,0.0,-1.0000000000001137,0.0,0.0,-100.0
